track,model,target,horizon,fold,date,y_true,y_pred,abs_error,fold_naive_mae,scaled_abs_error
D-mini,gru,INDPRO,1,0,1982-04-01,-0.006679415237158537,0.0005884297424927354,0.007267844979651272,0.008915668353438377,0.8151766857555202
D-mini,gru,INDPRO,1,0,1982-05-01,-0.0026065618731081486,-0.0011074021458625793,0.0014991597272455692,0.008915668353438377,0.16814888887913937
D-mini,gru,INDPRO,1,0,1982-06-01,-0.003292031353339553,-0.002374019008129835,0.0009180123452097178,0.008915668353438377,0.10296618366874101
D-mini,gru,INDPRO,1,0,1982-07-01,-0.00917080044746399,-0.0010748137719929218,0.008095986675471067,0.008915668353438377,0.9080627895214165
D-mini,gru,INDPRO,1,0,1982-08-01,-0.002468725200742483,0.0003836899995803833,0.0028524152003228664,0.008915668353438377,0.31993285160980856
D-mini,gru,INDPRO,1,0,1982-09-01,-0.009727582335472107,0.00036143400939181447,0.010089016344863921,0.008915668353438377,1.1316051635066748
D-mini,gru,INDPRO,1,0,1982-10-01,-0.0032538000959903,3.0379218515008688e-05,0.003284179314505309,0.008915668353438377,0.36836041722421703
D-mini,gru,INDPRO,1,0,1982-11-01,-0.007099566515535116,0.0005202238098718226,0.007619790325406939,0.008915668353438377,0.8546516114485487
D-mini,gru,INDPRO,1,0,1982-12-01,0.018463803455233574,-0.00028548447880893946,0.018749287934042513,0.008915668353438377,2.1029593285411683
D-mini,gru,INDPRO,1,0,1983-01-01,-0.006294942460954189,-0.0002493691863492131,0.006045573274604976,0.008915668353438377,0.6780841362581042
D-mini,gru,INDPRO,1,0,1983-02-01,0.008404652588069439,-0.0012449438218027353,0.009649596409872174,0.008915668353438377,1.082318905026425
D-mini,gru,INDPRO,1,0,1983-03-01,0.01258006040006876,-0.0002775627071969211,0.012857623107265681,0.008915668353438377,1.4421378855245404
D-mini,gru,INDPRO,1,0,1983-04-01,0.00601511774584651,0.00236096722073853,0.0036541505251079798,0.008915668353438377,0.40985716160008756
D-mini,gru,INDPRO,1,0,1983-05-01,0.006107409950345755,-0.0012720192316919565,0.007379429182037711,0.008915668353438377,0.8276922031528677
D-mini,gru,INDPRO,1,0,1983-06-01,0.014783412218093872,-0.0006778333336114883,0.01546124555170536,0.008915668353438377,1.734165621553503
D-mini,gru,INDPRO,1,0,1983-07-01,0.011758988723158836,-0.00019273109501227736,0.011951719818171114,0.008915668353438377,1.3405298789026698
D-mini,gru,INDPRO,1,0,1983-08-01,0.014439995400607586,-0.00046623311936855316,0.014906228519976139,0.008915668353438377,1.671913751056865
D-mini,gru,INDPRO,1,0,1983-09-01,0.00761678209528327,0.0005978414556011558,0.007018940639682114,0.008915668353438377,0.7872590546703344
D-mini,gru,INDPRO,1,0,1983-10-01,0.004450101405382156,-0.0007534971227869391,0.0052035985281690955,0.008915668353438377,0.5836464886182423
D-mini,gru,INDPRO,1,0,1983-11-01,0.005008738487958908,-0.0012597509194165468,0.006268489407375455,0.008915668353438377,0.7030868756976562
D-mini,gru,INDPRO,1,0,1983-12-01,0.01976330578327179,0.00018734781770035625,0.019575957965571433,0.008915668353438377,2.195680367363806
D-mini,gru,INDPRO,1,0,1984-01-01,0.004384096711874008,-0.0005838042707182467,0.004967900982592255,0.008915668353438377,0.5572101591998266
D-mini,gru,INDPRO,1,0,1984-02-01,0.004883820656687021,-0.00029704737244173884,0.00518086802912876,0.008915668353438377,0.5810969883296219
D-mini,gru,INDPRO,1,0,1984-03-01,0.0058993929997086525,-0.000715616624802351,0.0066150096245110035,0.008915668353438377,0.7419533076238629
D-mini,gru,INDPRO,1,0,1984-04-01,0.0054128882475197315,-0.0006936043500900269,0.006106492597609758,0.008915668353438377,0.6849169748732024
D-mini,gru,INDPRO,1,0,1984-05-01,0.0036610111128538847,-0.001387494383379817,0.005048505496233702,0.008915668353438377,0.5662509299470204
D-mini,gru,INDPRO,1,0,1984-06-01,0.002766319550573826,-0.0005738805048167706,0.0033402000553905964,0.008915668353438377,0.3746438206287058
D-mini,gru,INDPRO,1,0,1984-07-01,0.0010296775726601481,-0.0020819788333028555,0.0031116564059630036,0.008915668353438377,0.34900988715702685
D-mini,gru,INDPRO,1,0,1984-08-01,-0.0029654810205101967,0.00046071753604337573,0.0034261985565535724,0.008915668353438377,0.38428959229200577
D-mini,gru,INDPRO,1,0,1984-09-01,-0.00011020579404430464,-0.0006515350542031229,0.0005413292601588182,0.008915668353438377,0.060716621424130424
D-mini,gru,INDPRO,1,0,1984-10-01,0.003363147610798478,-0.001044280594214797,0.004407428205013275,0.008915668353438377,0.49434636084388733
D-mini,gru,INDPRO,1,0,1984-11-01,0.00032215079409070313,-0.0008794802706688643,0.0012016310647595674,0.008915668353438377,0.13477745213527953
D-mini,gru,INDPRO,1,0,1984-12-01,-0.00017204490723088384,-0.0017301329644396901,0.0015580880572088063,0.008915668353438377,0.17475841355268906
D-mini,gru,INDPRO,1,0,1985-01-01,0.0027473473455756903,0.0001846601371653378,0.0025626872084103525,0.008915668353438377,0.28743635438413745
D-mini,gru,INDPRO,1,0,1985-02-01,0.001510290545411408,-0.0014426892157644033,0.0029529797611758113,0.008915668353438377,0.3312123829770965
D-mini,gru,INDPRO,1,0,1985-03-01,-0.0021786103025078773,-0.0012904684990644455,0.0008881418034434319,0.008915668353438377,0.09961584126230032
D-mini,gru,INDPRO,1,0,1985-04-01,0.001452934113331139,-0.000689741806127131,0.00214267591945827,0.008915668353438377,0.24032701021588979
D-mini,gru,INDPRO,1,0,1985-05-01,-0.00048529342166148126,-0.0012972481781616807,0.0008119547565001994,0.008915668353438377,0.09107054281433254
D-mini,gru,INDPRO,1,0,1985-06-01,-0.004743077326565981,-0.0020030857995152473,0.0027399915270507336,0.008915668353438377,0.3073231774030761
D-mini,gru,INDPRO,1,0,1985-07-01,0.003037209389731288,0.0009464081376791,0.002090801252052188,0.008915668353438377,0.2345086390798575
D-mini,gru,INDPRO,1,0,1985-08-01,0.0033778606448322535,-0.0004581040993798524,0.003835964744212106,0.008915668353438377,0.4302498244826194
D-mini,gru,INDPRO,1,0,1985-09-01,-0.003114667721092701,-0.00047131796600297093,0.00264334975508973,0.008915668353438377,0.29648363423817886
D-mini,gru,INDPRO,1,0,1985-10-01,0.0035117424558848143,0.0008052807534113526,0.0027064617024734616,0.008915668353438377,0.30356240218712255
D-mini,gru,INDPRO,1,0,1985-11-01,0.009583811275660992,0.0009655235335230827,0.008618287742137909,0.008915668353438377,0.9666451689865986
D-mini,gru,INDPRO,1,0,1985-12-01,0.005520329345017672,-0.00046319153625518084,0.005983520881272852,0.008915668353438377,0.6711242101065003
D-mini,gru,INDPRO,1,0,1986-01-01,-0.007043822668492794,-0.0024723410606384277,0.004571481607854366,0.008915668353438377,0.5127469334468177
D-mini,gru,INDPRO,1,0,1986-02-01,-0.007148371543735266,-0.0022791733499616385,0.004869198193773627,0.008915668353438377,0.5461394480757905
D-mini,gru,INDPRO,1,0,1986-03-01,0.001432678080163896,0.0007674170192331076,0.0006652610609307885,0.008915668353438377,0.07461707126804766
D-mini,gru,INDPRO,1,0,1986-04-01,0.0014759828336536884,0.0026357683818787336,0.0011597855482250452,0.008915668353438377,0.13008397152612428
D-mini,gru,INDPRO,1,0,1986-05-01,-0.004037339240312576,0.0030831501353532076,0.007120489375665784,0.008915668353438377,0.7986489731776224
D-mini,gru,INDPRO,1,0,1986-06-01,0.006512386258691549,-0.0009566152584739029,0.007469001517165452,0.008915668353438377,0.8377388235044645
D-mini,gru,INDPRO,1,0,1986-07-01,-0.0018566171638667583,-0.0016472145216539502,0.00020940264221280813,0.008915668353438377,0.023487038089752502
D-mini,gru,INDPRO,1,0,1986-08-01,0.0025494743604213,0.0025855570565909147,3.608269616961479e-05,0.008915668353438377,0.004047110630320754
D-mini,gru,INDPRO,1,0,1986-09-01,0.004253340419381857,-0.0015893207164481282,0.005842661135829985,0.008915668353438377,0.6553250866018059
D-mini,gru,INDPRO,1,0,1986-10-01,0.003998607397079468,0.0002015202189795673,0.0037970871780999005,0.008915668353438377,0.4258892353970897
D-mini,gru,INDPRO,1,0,1986-11-01,0.009439539164304733,-0.0005357031477615237,0.009975242312066257,0.008915668353438377,1.1188440301527423
D-mini,gru,INDPRO,1,0,1986-12-01,-0.003493734635412693,0.00020889739971607924,0.0037026320351287723,0.008915668353438377,0.41529494911066667
D-mini,gru,INDPRO,1,0,1987-01-01,0.013094911351799965,0.0018972477409988642,0.0111976636108011,0.008915668353438377,1.255953358390979
D-mini,gru,INDPRO,1,0,1987-02-01,0.0014471948379650712,-0.00010605886927805841,0.0015532537072431296,0.008915668353438377,0.174216182754724
D-mini,gru,INDPRO,1,0,1987-03-01,0.0063111144118011,0.00030589778907597065,0.006005216622725129,0.008915668353438377,0.6735576498209676
D-mini,gru,INDPRO,1,1,1983-04-01,0.00601511774584651,-0.004147226922214031,0.010162344668060541,0.009071581065654755,1.120239635683293
D-mini,gru,INDPRO,1,1,1983-05-01,0.006107409950345755,-0.004266685806214809,0.010374095756560564,0.009071581065654755,1.1435818829682474
D-mini,gru,INDPRO,1,1,1983-06-01,0.014783412218093872,-0.003970946650952101,0.018754358869045973,0.009071581065654755,2.0673748857352408
D-mini,gru,INDPRO,1,1,1983-07-01,0.011758988723158836,-0.0037918908055871725,0.015550879528746009,0.009071581065654755,1.7142413672101822
D-mini,gru,INDPRO,1,1,1983-08-01,0.014439995400607586,-0.0048134466633200645,0.01925344206392765,0.009071581065654755,2.1223910059980273
D-mini,gru,INDPRO,1,1,1983-09-01,0.00761678209528327,-0.0036549612414091825,0.011271743336692452,0.009071581065654755,1.2425334961032946
D-mini,gru,INDPRO,1,1,1983-10-01,0.004450101405382156,-0.0038289299700409174,0.008279031375423074,0.009071581065654755,0.9126337862721312
D-mini,gru,INDPRO,1,1,1983-11-01,0.005008738487958908,-0.004095830488950014,0.009104568976908922,0.009071581065654755,1.0036364015286223
D-mini,gru,INDPRO,1,1,1983-12-01,0.01976330578327179,-0.004106287378817797,0.023869593162089586,0.009071581065654755,2.631249502080789
D-mini,gru,INDPRO,1,1,1984-01-01,0.004384096711874008,-0.004122912418097258,0.008507009129971266,0.009071581065654755,0.9377647698237551
D-mini,gru,INDPRO,1,1,1984-02-01,0.004883820656687021,-0.005210469476878643,0.010094290133565664,0.009071581065654755,1.112737687125226
D-mini,gru,INDPRO,1,1,1984-03-01,0.0058993929997086525,-0.004806435666978359,0.010705828666687012,0.009071581065654755,1.1801502504584964
D-mini,gru,INDPRO,1,1,1984-04-01,0.0054128882475197315,-0.004689036402851343,0.010101924650371075,0.009071581065654755,1.1135792732555991
D-mini,gru,INDPRO,1,1,1984-05-01,0.0036610111128538847,-0.004646552260965109,0.008307563373818994,0.009071581065654755,0.9157789930656793
D-mini,gru,INDPRO,1,1,1984-06-01,0.002766319550573826,-0.004499019589275122,0.0072653391398489475,0.009071581065654755,0.8008900639554127
D-mini,gru,INDPRO,1,1,1984-07-01,0.0010296775726601481,-0.004852930549532175,0.005882608122192323,0.009071581065654755,0.6484655849534359
D-mini,gru,INDPRO,1,1,1984-08-01,-0.0029654810205101967,-0.005675122141838074,0.002709641121327877,0.009071581065654755,0.298695574863642
D-mini,gru,INDPRO,1,1,1984-09-01,-0.00011020579404430464,-0.004083560314029455,0.0039733545199851505,0.009071581065654755,0.43800022192695554
D-mini,gru,INDPRO,1,1,1984-10-01,0.003363147610798478,-0.004386191256344318,0.0077493388671427965,0.009071581065654755,0.8542434677106064
D-mini,gru,INDPRO,1,1,1984-11-01,0.00032215079409070313,-0.004539273679256439,0.004861424473347142,0.009071581065654755,0.5358960514339252
D-mini,gru,INDPRO,1,1,1984-12-01,-0.00017204490723088384,-0.004475107416510582,0.004303062509279698,0.009071581065654755,0.4743453735502851
D-mini,gru,INDPRO,1,1,1985-01-01,0.0027473473455756903,-0.0052217585034668446,0.007969105849042535,0.009071581065654755,0.8784693419335445
D-mini,gru,INDPRO,1,1,1985-02-01,0.001510290545411408,-0.005161106586456299,0.006671397131867707,0.009071581065654755,0.7354172424392251
D-mini,gru,INDPRO,1,1,1985-03-01,-0.0021786103025078773,-0.003502478590235114,0.0013238682877272367,0.009071581065654755,0.14593578320535955
D-mini,gru,INDPRO,1,1,1985-04-01,0.001452934113331139,-0.005293663591146469,0.006746597704477608,0.009071581065654755,0.7437069299882471
D-mini,gru,INDPRO,1,1,1985-05-01,-0.00048529342166148126,-0.005702405236661434,0.005217111814999953,0.009071581065654755,0.575105020529671
D-mini,gru,INDPRO,1,1,1985-06-01,-0.004743077326565981,-0.005821440368890762,0.0010783630423247814,0.009071581065654755,0.1188726677874811
D-mini,gru,INDPRO,1,1,1985-07-01,0.003037209389731288,-0.005504833534359932,0.00854204292409122,0.009071581065654755,0.9416266979558414
D-mini,gru,INDPRO,1,1,1985-08-01,0.0033778606448322535,-0.005195179022848606,0.00857303966768086,0.009071581065654755,0.945043604376597
D-mini,gru,INDPRO,1,1,1985-09-01,-0.003114667721092701,-0.005038258619606495,0.001923590898513794,0.009071581065654755,0.21204582581492434
D-mini,gru,INDPRO,1,1,1985-10-01,0.0035117424558848143,-0.005353574175387621,0.008865316631272435,0.009071581065654755,0.9772625705607987
D-mini,gru,INDPRO,1,1,1985-11-01,0.009583811275660992,-0.0057150390930473804,0.015298850368708372,0.009071581065654755,1.686459092189588
D-mini,gru,INDPRO,1,1,1985-12-01,0.005520329345017672,-0.005492860451340675,0.011013189796358347,0.009071581065654755,1.2140320101481068
D-mini,gru,INDPRO,1,1,1986-01-01,-0.007043822668492794,-0.005498826038092375,0.0015449966304004192,0.009071581065654755,0.1703117261719478
D-mini,gru,INDPRO,1,1,1986-02-01,-0.007148371543735266,-0.00520038977265358,0.001947981771081686,0.009071581065654755,0.21473453822253724
D-mini,gru,INDPRO,1,1,1986-03-01,0.001432678080163896,-0.005712512880563736,0.007145190960727632,0.009071581065654755,0.7876456054369082
D-mini,gru,INDPRO,1,1,1986-04-01,0.0014759828336536884,-0.005788332782685757,0.007264315616339445,0.009071581065654755,0.8007772364888339
D-mini,gru,INDPRO,1,1,1986-05-01,-0.004037339240312576,-0.005334589630365372,0.0012972503900527954,0.009071581065654755,0.14300157609396444
D-mini,gru,INDPRO,1,1,1986-06-01,0.006512386258691549,-0.004912956152111292,0.011425342410802841,0.009071581065654755,1.2594653928695505
D-mini,gru,INDPRO,1,1,1986-07-01,-0.0018566171638667583,-0.005458512809127569,0.003601895645260811,0.009071581065654755,0.39705268786029846
D-mini,gru,INDPRO,1,1,1986-08-01,0.0025494743604213,-0.005436006933450699,0.007985481293871999,0.009071581065654755,0.8802744787350512
D-mini,gru,INDPRO,1,1,1986-09-01,0.004253340419381857,-0.004769311286509037,0.009022651705890894,0.009071581065654755,0.9946063029796307
D-mini,gru,INDPRO,1,1,1986-10-01,0.003998607397079468,-0.004712235648185015,0.008710843045264482,0.009071581065654755,0.9602342725287397
D-mini,gru,INDPRO,1,1,1986-11-01,0.009439539164304733,-0.004659993574023247,0.01409953273832798,0.009071581065654755,1.5542530719048726
D-mini,gru,INDPRO,1,1,1986-12-01,-0.003493734635412693,-0.0054295663721859455,0.0019358317367732525,0.009071581065654755,0.21339518687677966
D-mini,gru,INDPRO,1,1,1987-01-01,0.013094911351799965,-0.0055025191977620125,0.018597430549561977,0.009071581065654755,2.050075991711339
D-mini,gru,INDPRO,1,1,1987-02-01,0.0014471948379650712,-0.005295423325151205,0.006742618163116276,0.009071581065654755,0.7432682477637781
D-mini,gru,INDPRO,1,1,1987-03-01,0.0063111144118011,-0.0051422519609332085,0.011453366372734308,0.009071581065654755,1.2625545965848286
D-mini,gru,INDPRO,1,1,1987-04-01,0.006302766967564821,-0.0045287166722118855,0.010831483639776707,0.009071581065654755,1.1940017469264526
D-mini,gru,INDPRO,1,1,1987-05-01,0.005166029091924429,-0.004461389966309071,0.0096274190582335,0.009071581065654755,1.0612724494832728
D-mini,gru,INDPRO,1,1,1987-06-01,0.006797065492719412,-0.004583833273500204,0.011380898766219616,0.009071581065654755,1.2545661758244104
D-mini,gru,INDPRO,1,1,1987-07-01,0.007478081621229649,-0.005159342661499977,0.012637424282729626,0.009071581065654755,1.3930784712463462
D-mini,gru,INDPRO,1,1,1987-08-01,0.003931773826479912,-0.005029140505939722,0.008960914332419634,0.009071581065654755,0.9878007226707032
D-mini,gru,INDPRO,1,1,1987-09-01,0.013233494944870472,-0.004818366840481758,0.01805186178535223,0.009071581065654755,1.9899355641209067
D-mini,gru,INDPRO,1,1,1987-10-01,0.004865946248173714,-0.0033856744412332773,0.008251620689406991,0.009071581065654755,0.9096121866394211
D-mini,gru,INDPRO,1,1,1987-11-01,0.005592546425759792,-0.0035469867289066315,0.009139533154666424,0.009071581065654755,1.0074906555450336
D-mini,gru,INDPRO,1,1,1987-12-01,-0.00019700829579960555,-0.004021157044917345,0.0038241487491177395,0.009071581065654755,0.4215526181644419
D-mini,gru,INDPRO,1,1,1988-01-01,0.0049992711283266544,-0.0045874412171542645,0.009586712345480919,0.009071581065654755,1.0567851707544635
D-mini,gru,INDPRO,1,1,1988-02-01,0.002464822493493557,-0.0051409341394901276,0.0076057566329836845,0.009071581065654755,0.8384157709596268
D-mini,gru,INDPRO,1,1,1988-03-01,0.005784378852695227,-0.005074488464742899,0.010858867317438126,0.009071581065654755,1.1970203693102721
D-mini,gru,INDPRO,1,2,1984-04-01,0.0054128882475197315,0.0045727575197815895,0.000840130727738142,0.007276128977537155,0.11546396859261171
D-mini,gru,INDPRO,1,2,1984-05-01,0.0036610111128538847,0.004967447370290756,0.0013064362574368715,0.007276128977537155,0.1795510032147723
D-mini,gru,INDPRO,1,2,1984-06-01,0.002766319550573826,0.00525252940133214,0.002486209850758314,0.007276128977537155,0.3416940324221484
D-mini,gru,INDPRO,1,2,1984-07-01,0.0010296775726601481,0.004920497070997953,0.0038908194983378053,0.007276128977537155,0.5347375658608489
D-mini,gru,INDPRO,1,2,1984-08-01,-0.0029654810205101967,0.0042760069482028484,0.007241487968713045,0.007276128977537155,0.9952390881289964
D-mini,gru,INDPRO,1,2,1984-09-01,-0.00011020579404430464,0.004018190782517195,0.004128396576561499,0.007276128977537155,0.5673891418509311
D-mini,gru,INDPRO,1,2,1984-10-01,0.003363147610798478,0.004407180938869715,0.0010440333280712366,0.007276128977537155,0.14348746858313993
D-mini,gru,INDPRO,1,2,1984-11-01,0.00032215079409070313,0.00467713875696063,0.004354987962869927,0.007276128977537155,0.5985308914004457
D-mini,gru,INDPRO,1,2,1984-12-01,-0.00017204490723088384,0.004834188148379326,0.00500623305561021,0.007276128977537155,0.6880352273943244
D-mini,gru,INDPRO,1,2,1985-01-01,0.0027473473455756903,0.004992370959371328,0.002245023613795638,0.007276128977537155,0.3085464291145015
D-mini,gru,INDPRO,1,2,1985-02-01,0.001510290545411408,0.0042358385398983955,0.0027255479944869876,0.007276128977537155,0.37458764171186243
D-mini,gru,INDPRO,1,2,1985-03-01,-0.0021786103025078773,0.0047759488224983215,0.006954559125006199,0.007276128977537155,0.9558048168849528
D-mini,gru,INDPRO,1,2,1985-04-01,0.001452934113331139,0.00465073948726058,0.003197805373929441,0.007276128977537155,0.4394926730685639
D-mini,gru,INDPRO,1,2,1985-05-01,-0.00048529342166148126,0.004579894710332155,0.0050651881319936365,0.007276128977537155,0.6961377605634632
D-mini,gru,INDPRO,1,2,1985-06-01,-0.004743077326565981,0.00370602123439312,0.0084490985609591,0.007276128977537155,1.1612079152311805
D-mini,gru,INDPRO,1,2,1985-07-01,0.003037209389731288,0.004305463749915361,0.0012682543601840734,0.007276128977537155,0.17430344680522084
D-mini,gru,INDPRO,1,2,1985-08-01,0.0033778606448322535,0.004578399006277323,0.0012005383614450693,0.007276128977537155,0.16499684999418893
D-mini,gru,INDPRO,1,2,1985-09-01,-0.003114667721092701,0.004290415905416012,0.007405083626508713,0.007276128977537155,1.0177229745885026
D-mini,gru,INDPRO,1,2,1985-10-01,0.0035117424558848143,0.0048310477286577225,0.0013193052727729082,0.007276128977537155,0.18131966555923676
D-mini,gru,INDPRO,1,2,1985-11-01,0.009583811275660992,0.005310277920216322,0.00427353335544467,0.007276128977537155,0.5873361190597239
D-mini,gru,INDPRO,1,2,1985-12-01,0.005520329345017672,0.004711352754384279,0.0008089765906333923,0.007276128977537155,0.11118227743500185
D-mini,gru,INDPRO,1,2,1986-01-01,-0.007043822668492794,0.004130597226321697,0.011174419894814491,0.007276128977537155,1.5357644056767175
D-mini,gru,INDPRO,1,2,1986-02-01,-0.007148371543735266,0.004781213589012623,0.011929585132747889,0.007276128977537155,1.6395510812929335
D-mini,gru,INDPRO,1,2,1986-03-01,0.001432678080163896,0.004303294699639082,0.002870616619475186,0.007276128977537155,0.39452525214126155
D-mini,gru,INDPRO,1,2,1986-04-01,0.0014759828336536884,0.004294326528906822,0.0028183436952531338,0.007276128977537155,0.387341085342758
D-mini,gru,INDPRO,1,2,1986-05-01,-0.004037339240312576,0.004562941379845142,0.008600280620157719,0.007276128977537155,1.1819857298720902
D-mini,gru,INDPRO,1,2,1986-06-01,0.006512386258691549,0.004499135538935661,0.002013250719755888,0.007276128977537155,0.2766925553369367
D-mini,gru,INDPRO,1,2,1986-07-01,-0.0018566171638667583,0.005297095514833927,0.0071537126787006855,0.007276128977537155,0.9831756282476035
D-mini,gru,INDPRO,1,2,1986-08-01,0.0025494743604213,0.0052863676100969315,0.0027368932496756315,0.007276128977537155,0.37614688498856474
D-mini,gru,INDPRO,1,2,1986-09-01,0.004253340419381857,0.004817047156393528,0.0005637067370116711,0.007276128977537155,0.07747343934555653
D-mini,gru,INDPRO,1,2,1986-10-01,0.003998607397079468,0.005257454700767994,0.0012588473036885262,0.007276128977537155,0.1730105812547903
D-mini,gru,INDPRO,1,2,1986-11-01,0.009439539164304733,0.004436740651726723,0.0050027985125780106,0.007276128977537155,0.6875631985115487
D-mini,gru,INDPRO,1,2,1986-12-01,-0.003493734635412693,0.004552788101136684,0.008046522736549377,0.007276128977537155,1.1058796183232293
D-mini,gru,INDPRO,1,2,1987-01-01,0.013094911351799965,0.003870235290378332,0.009224676061421633,0.007276128977537155,1.2677999647752296
D-mini,gru,INDPRO,1,2,1987-02-01,0.0014471948379650712,0.005090230144560337,0.003643035306595266,0.007276128977537155,0.5006831679100294
D-mini,gru,INDPRO,1,2,1987-03-01,0.0063111144118011,0.004276455845683813,0.0020346585661172867,0.007276128977537155,0.2796347580421786
D-mini,gru,INDPRO,1,2,1987-04-01,0.006302766967564821,0.004110728390514851,0.0021920385770499706,0.007276128977537155,0.301264392621025
D-mini,gru,INDPRO,1,2,1987-05-01,0.005166029091924429,0.00494038313627243,0.00022564595565199852,0.007276128977537155,0.031011813609765862
D-mini,gru,INDPRO,1,2,1987-06-01,0.006797065492719412,0.004009201191365719,0.002787864301353693,0.007276128977537155,0.38315212800108134
D-mini,gru,INDPRO,1,2,1987-07-01,0.007478081621229649,0.004126142710447311,0.003351938910782337,0.007276128977537155,0.4606761261558768
D-mini,gru,INDPRO,1,2,1987-08-01,0.003931773826479912,0.004732191096991301,0.0008004172705113888,0.007276128977537155,0.1100059211405453
D-mini,gru,INDPRO,1,2,1987-09-01,0.013233494944870472,0.005014972295612097,0.008218522649258375,0.007276128977537155,1.1295185495791202
D-mini,gru,INDPRO,1,2,1987-10-01,0.004865946248173714,0.004766211379319429,9.973486885428429e-05,0.007276128977537155,0.01370713316959959
D-mini,gru,INDPRO,1,2,1987-11-01,0.005592546425759792,0.004318585153669119,0.0012739612720906734,0.007276128977537155,0.17508778033259761
D-mini,gru,INDPRO,1,2,1987-12-01,-0.00019700829579960555,0.004136181436479092,0.004333189732278697,0.007276128977537155,0.5955350359588331
D-mini,gru,INDPRO,1,2,1988-01-01,0.0049992711283266544,0.004114912357181311,0.0008843587711453438,0.007276128977537155,0.12154248143147732
D-mini,gru,INDPRO,1,2,1988-02-01,0.002464822493493557,0.0037494490388780832,0.0012846265453845263,0.007276128977537155,0.17655356981032383
D-mini,gru,INDPRO,1,2,1988-03-01,0.005784378852695227,0.0035314152482897043,0.0022529636044055223,0.007276128977537155,0.30963766741365706
D-mini,gru,INDPRO,1,2,1988-04-01,-0.0020182731095701456,0.004453256726264954,0.006471529835835099,0.007276128977537155,0.889419340395695
D-mini,gru,INDPRO,1,2,1988-05-01,0.002896927297115326,0.004825873300433159,0.001928946003317833,0.007276128977537155,0.2651060762216928
D-mini,gru,INDPRO,1,2,1988-06-01,0.00014691143587697297,0.004570430144667625,0.0044235187087906525,0.007276128977537155,0.6079494635742339
D-mini,gru,INDPRO,1,2,1988-07-01,0.005001679062843323,0.004037282429635525,0.000964396633207798,0.007276128977537155,0.1325425423580424
D-mini,gru,INDPRO,1,2,1988-08-01,-0.0031296333763748407,0.004187353421002626,0.007316986797377467,0.007276128977537155,1.005615323747895
D-mini,gru,INDPRO,1,2,1988-09-01,0.004301536362618208,0.004356134217232466,5.459785461425781e-05,0.007276128977537155,0.007503695272968931
D-mini,gru,INDPRO,1,2,1988-10-01,0.002415755530819297,0.00460664601996541,0.0021908904891461134,0.007276128977537155,0.30110660433725467
D-mini,gru,INDPRO,1,2,1988-11-01,0.0045193093828856945,0.004687948152422905,0.00016863876953721046,0.007276128977537155,0.02317699013552833
D-mini,gru,INDPRO,1,2,1988-12-01,0.002945349086076021,0.004531518090516329,0.0015861690044403076,0.007276128977537155,0.2179962737517606
D-mini,gru,INDPRO,1,2,1989-01-01,-0.004434996750205755,0.004905056208372116,0.009340052958577871,0.007276128977537155,1.283656871313367
D-mini,gru,INDPRO,1,2,1989-02-01,0.0024976085405796766,0.004034189507365227,0.0015365809667855501,0.007276128977537155,0.2111811062625853
D-mini,gru,INDPRO,1,2,1989-03-01,-0.0001496807235525921,0.003670464502647519,0.003820145226200111,0.007276128977537155,0.5250243966254107
D-mini,gru,INDPRO,1,3,1985-04-01,0.001452934113331139,0.005722675938159227,0.004269741824828088,0.0036193644627928734,1.1796938022465284
D-mini,gru,INDPRO,1,3,1985-05-01,-0.00048529342166148126,0.006094308104366064,0.006579601526027545,0.0036193644627928734,1.8178886358823374
D-mini,gru,INDPRO,1,3,1985-06-01,-0.004743077326565981,0.005551876034587622,0.010294953361153603,0.0036193644627928734,2.844409140606284
D-mini,gru,INDPRO,1,3,1985-07-01,0.003037209389731288,0.0057430868037045,0.0027058774139732122,0.0036193644627928734,0.747611201300581
D-mini,gru,INDPRO,1,3,1985-08-01,0.0033778606448322535,0.005704803392291069,0.0023269427474588156,0.0036193644627928734,0.6429147358271944
D-mini,gru,INDPRO,1,3,1985-09-01,-0.003114667721092701,0.00542025500908494,0.008534922730177641,0.0036193644627928734,2.358127460750855
D-mini,gru,INDPRO,1,3,1985-10-01,0.0035117424558848143,0.005805886350572109,0.002294143894687295,0.0036193644627928734,0.6338526883023614
D-mini,gru,INDPRO,1,3,1985-11-01,0.009583811275660992,0.005840261932462454,0.003743549343198538,0.0036193644627928734,1.034311239357707
D-mini,gru,INDPRO,1,3,1985-12-01,0.005520329345017672,0.005641370080411434,0.00012104073539376259,0.0036193644627928734,0.03344253850035368
D-mini,gru,INDPRO,1,3,1986-01-01,-0.007043822668492794,0.005686001852154732,0.012729824520647526,0.0036193644627928734,3.5171435901275854
D-mini,gru,INDPRO,1,3,1986-02-01,-0.007148371543735266,0.004864378832280636,0.012012750376015902,0.0036193644627928734,3.3190220270733093
D-mini,gru,INDPRO,1,3,1986-03-01,0.001432678080163896,0.004710899665951729,0.0032782215857878327,0.0036193644627928734,0.9057450885336376
D-mini,gru,INDPRO,1,3,1986-04-01,0.0014759828336536884,0.00573963625356555,0.004263653419911861,0.0036193644627928734,1.1780116271080985
D-mini,gru,INDPRO,1,3,1986-05-01,-0.004037339240312576,0.0058990842662751675,0.009936423506587744,0.0036193644627928734,2.7453503532828325
D-mini,gru,INDPRO,1,3,1986-06-01,0.006512386258691549,0.005028284154832363,0.0014841021038591862,0.0036193644627928734,0.4100449454913371
D-mini,gru,INDPRO,1,3,1986-07-01,-0.0018566171638667583,0.005426698364317417,0.0072833155281841755,0.0036193644627928734,2.0123189037900935
D-mini,gru,INDPRO,1,3,1986-08-01,0.0025494743604213,0.005955652799457312,0.0034061784390360117,0.0036193644627928734,0.9410984923048182
D-mini,gru,INDPRO,1,3,1986-09-01,0.004253340419381857,0.006060910411179066,0.0018075699917972088,0.0036193644627928734,0.499416405940617
D-mini,gru,INDPRO,1,3,1986-10-01,0.003998607397079468,0.005842059850692749,0.0018434524536132812,0.0036193644627928734,0.5093304287434999
D-mini,gru,INDPRO,1,3,1986-11-01,0.009439539164304733,0.004860732704401016,0.004578806459903717,0.0036193644627928734,1.2650857649109182
D-mini,gru,INDPRO,1,3,1986-12-01,-0.003493734635412693,0.005542073864489794,0.009035808499902487,0.0036193644627928734,2.4965179917056566
D-mini,gru,INDPRO,1,3,1987-01-01,0.013094911351799965,0.005683461204171181,0.007411450147628784,0.0036193644627928734,2.04772142286819
D-mini,gru,INDPRO,1,3,1987-02-01,0.0014471948379650712,0.0065734898671507835,0.005126295029185712,0.0036193644627928734,1.41635225794034
D-mini,gru,INDPRO,1,3,1987-03-01,0.0063111144118011,0.005307934246957302,0.0010031801648437977,0.0036193644627928734,0.2771702532741608
D-mini,gru,INDPRO,1,3,1987-04-01,0.006302766967564821,0.005323832388967276,0.0009789345785975456,0.0036193644627928734,0.2704714014465825
D-mini,gru,INDPRO,1,3,1987-05-01,0.005166029091924429,0.005156373139470816,9.655952453613281e-06,0.0036193644627928734,0.0026678585571794805
D-mini,gru,INDPRO,1,3,1987-06-01,0.006797065492719412,0.005741417407989502,0.00105564808472991,0.0036193644627928734,0.29166669883124224
D-mini,gru,INDPRO,1,3,1987-07-01,0.007478081621229649,0.0060485838912427425,0.001429497729986906,0.0036193644627928734,0.39495821564315126
D-mini,gru,INDPRO,1,3,1987-08-01,0.003931773826479912,0.005570540204644203,0.0016387663781642914,0.0036193644627928734,0.45277738536995565
D-mini,gru,INDPRO,1,3,1987-09-01,0.013233494944870472,0.005500045605003834,0.007733449339866638,0.0036193644627928734,2.136687095031911
D-mini,gru,INDPRO,1,3,1987-10-01,0.004865946248173714,0.005462231580168009,0.0005962853319942951,0.0036193644627928734,0.1647486286954846
D-mini,gru,INDPRO,1,3,1987-11-01,0.005592546425759792,0.004650697112083435,0.0009418493136763573,0.0036193644627928734,0.2602250542487732
D-mini,gru,INDPRO,1,3,1987-12-01,-0.00019700829579960555,0.004216042347252369,0.0044130506430519745,0.0036193644627928734,1.219288824990743
D-mini,gru,INDPRO,1,3,1988-01-01,0.0049992711283266544,0.004809398204088211,0.00018987292423844337,0.0036193644627928734,0.05246029411802547
D-mini,gru,INDPRO,1,3,1988-02-01,0.002464822493493557,0.005208595190197229,0.0027437726967036724,0.0036193644627928734,0.7580813496152988
D-mini,gru,INDPRO,1,3,1988-03-01,0.005784378852695227,0.005134589038789272,0.0006497898139059544,0.0036193644627928734,0.17953146763355954
D-mini,gru,INDPRO,1,3,1988-04-01,-0.0020182731095701456,0.005345863290131092,0.007364136399701238,0.0036193644627928734,2.0346490317304826
D-mini,gru,INDPRO,1,3,1988-05-01,0.002896927297115326,0.005512517411261797,0.002615590114146471,0.0036193644627928734,0.7226655787320622
D-mini,gru,INDPRO,1,3,1988-06-01,0.00014691143587697297,0.005709401797503233,0.00556249036162626,0.0036193644627928734,1.536869364444712
D-mini,gru,INDPRO,1,3,1988-07-01,0.005001679062843323,0.005579568911343813,0.0005778898485004902,0.0036193644627928734,0.1596661111201172
D-mini,gru,INDPRO,1,3,1988-08-01,-0.0031296333763748407,0.005463303532451391,0.008592936908826232,0.0036193644627928734,2.374156291017875
D-mini,gru,INDPRO,1,3,1988-09-01,0.004301536362618208,0.005678759887814522,0.0013772235251963139,0.0036193644627928734,0.3805152919398404
D-mini,gru,INDPRO,1,3,1988-10-01,0.002415755530819297,0.005560085643082857,0.0031443301122635603,0.0036193644627928734,0.8687519990283725
D-mini,gru,INDPRO,1,3,1988-11-01,0.0045193093828856945,0.005593117792159319,0.0010738084092736244,0.0036193644627928734,0.2966842439639314
D-mini,gru,INDPRO,1,3,1988-12-01,0.002945349086076021,0.0061779990792274475,0.0032326499931514263,0.0036193644627928734,0.893154040269534
D-mini,gru,INDPRO,1,3,1989-01-01,-0.004434996750205755,0.007333432324230671,0.011768429074436426,0.0036193644627928734,3.2515181036383796
D-mini,gru,INDPRO,1,3,1989-02-01,0.0024976085405796766,0.00582550186663866,0.003327893326058984,0.0036193644627928734,0.9194689731497843
D-mini,gru,INDPRO,1,3,1989-03-01,-0.0001496807235525921,0.005690661258995533,0.005840341982548125,0.0036193644627928734,1.6136374334740082
D-mini,gru,INDPRO,1,3,1989-04-01,-0.00570129556581378,0.006392231211066246,0.012093526776880026,0.0036193644627928734,3.3413398681458255
D-mini,gru,INDPRO,1,3,1989-05-01,-7.60861876187846e-05,0.006478257477283478,0.006554343664902262,0.0036193644627928734,1.8109101010083466
D-mini,gru,INDPRO,1,3,1989-06-01,-0.009693959727883339,0.005818701349198818,0.015512661077082157,0.0036193644627928734,4.286017956067306
D-mini,gru,INDPRO,1,3,1989-07-01,0.00975062046200037,0.005061546340584755,0.004689074121415615,0.0036193644627928734,1.2955517935867953
D-mini,gru,INDPRO,1,3,1989-08-01,-0.0031389666255563498,0.006093330681324005,0.009232297306880355,0.0036193644627928734,2.55080619865408
D-mini,gru,INDPRO,1,3,1989-09-01,-0.001348758116364479,0.006777497939765453,0.008126256056129932,0.0036193644627928734,2.2452162913318015
D-mini,gru,INDPRO,1,3,1989-10-01,0.0033733523450791836,0.0053999521769583225,0.002026599831879139,0.0036193644627928734,0.5599325110009281
D-mini,gru,INDPRO,1,3,1989-11-01,0.005469228141009808,0.006090044043958187,0.0006208159029483795,0.0036193644627928734,0.17152621940409077
D-mini,gru,INDPRO,1,3,1989-12-01,-0.005070632789283991,0.005998886190354824,0.011069518979638815,0.0036193644627928734,3.0584151149832115
D-mini,gru,INDPRO,1,3,1990-01-01,0.00904064066708088,0.006874218583106995,0.0021664220839738846,0.0036193644627928734,0.5985642248092834
D-mini,gru,INDPRO,1,3,1990-02-01,0.004969202913343906,0.005456416867673397,0.00048721395432949066,0.0036193644627928734,0.1346131231983013
D-mini,gru,INDPRO,1,3,1990-03-01,-0.0026232502423226833,0.0061173695139586926,0.008740619756281376,0.0036193644627928734,2.414959821298764
D-mini,gru,INDPRO,1,4,1986-04-01,0.0014759828336536884,0.0010478973854333162,0.0004280854482203722,0.0038495766930282116,0.11120325229411789
D-mini,gru,INDPRO,1,4,1986-05-01,-0.004037339240312576,0.0010733552044257522,0.0051106944447383285,0.0038495766930282116,1.327599071865244
D-mini,gru,INDPRO,1,4,1986-06-01,0.006512386258691549,0.0003863662714138627,0.006126019987277687,0.0038495766930282116,1.5913489912727898
D-mini,gru,INDPRO,1,4,1986-07-01,-0.0018566171638667583,0.0007927014958113432,0.0026493186596781015,0.0038495766930282116,0.6882103854369648
D-mini,gru,INDPRO,1,4,1986-08-01,0.0025494743604213,0.0010318856220692396,0.0015175887383520603,0.0038495766930282116,0.39422223775941245
D-mini,gru,INDPRO,1,4,1986-09-01,0.004253340419381857,0.00040126958629116416,0.0038520708330906928,0.0038495766930282116,1.0006478998241541
D-mini,gru,INDPRO,1,4,1986-10-01,0.003998607397079468,0.0008662818581797183,0.0031323255388997495,0.0038495766930282116,0.8136805131256529
D-mini,gru,INDPRO,1,4,1986-11-01,0.009439539164304733,0.0007544858381152153,0.008685053326189518,0.0038495766930282116,2.256106065354825
D-mini,gru,INDPRO,1,4,1986-12-01,-0.003493734635412693,0.000549144868273288,0.004042879503685981,0.0038495766930282116,1.0502140432759401
D-mini,gru,INDPRO,1,4,1987-01-01,0.013094911351799965,0.0008024731068871915,0.012292438244912773,0.0038495766930282116,3.193192193618336
D-mini,gru,INDPRO,1,4,1987-02-01,0.0014471948379650712,0.00063180027063936,0.0008153945673257113,0.0038495766930282116,0.21181408563763238
D-mini,gru,INDPRO,1,4,1987-03-01,0.0063111144118011,0.0006598524050787091,0.005651262006722391,0.0038495766930282116,1.4680216702675717
D-mini,gru,INDPRO,1,4,1987-04-01,0.006302766967564821,0.000817637424916029,0.005485129542648792,0.0038495766930282116,1.4248656358977478
D-mini,gru,INDPRO,1,4,1987-05-01,0.005166029091924429,0.0007749370415695012,0.004391092050354928,0.0038495766930282116,1.14066880608131
D-mini,gru,INDPRO,1,4,1987-06-01,0.006797065492719412,0.0006523166666738689,0.006144748826045543,0.0038495766930282116,1.5962141596435813
D-mini,gru,INDPRO,1,4,1987-07-01,0.007478081621229649,0.0008256478467956185,0.00665243377443403,0.0038495766930282116,1.7280948802713665
D-mini,gru,INDPRO,1,4,1987-08-01,0.003931773826479912,0.0006440556608140469,0.003287718165665865,0.0038495766930282116,0.854046672617303
D-mini,gru,INDPRO,1,4,1987-09-01,0.013233494944870472,0.0008942221757024527,0.01233927276916802,0.0038495766930282116,3.2053583427796357
D-mini,gru,INDPRO,1,4,1987-10-01,0.004865946248173714,0.0006132936687208712,0.0042526525794528425,0.0038495766930282116,1.1047065479055458
D-mini,gru,INDPRO,1,4,1987-11-01,0.005592546425759792,0.0008258630987256765,0.004766683327034116,0.0038495766930282116,1.238235709309762
D-mini,gru,INDPRO,1,4,1987-12-01,-0.00019700829579960555,0.0009273855830542743,0.0011243938788538799,0.0038495766930282116,0.2920824725716511
D-mini,gru,INDPRO,1,4,1988-01-01,0.0049992711283266544,0.0012722630053758621,0.0037270081229507923,0.0038495766930282116,0.9681605070242145
D-mini,gru,INDPRO,1,4,1988-02-01,0.002464822493493557,0.0010202110279351473,0.0014446114655584097,0.0038495766930282116,0.37526501762510095
D-mini,gru,INDPRO,1,4,1988-03-01,0.005784378852695227,0.0009110936662182212,0.0048732851864770055,0.0038495766930282116,1.2659275486841928
D-mini,gru,INDPRO,1,4,1988-04-01,-0.0020182731095701456,0.0007763438043184578,0.0027946169138886034,0.0038495766930282116,0.725954341668216
D-mini,gru,INDPRO,1,4,1988-05-01,0.002896927297115326,0.0005368395941331983,0.0023600877029821277,0.0038495766930282116,0.613077200736479
D-mini,gru,INDPRO,1,4,1988-06-01,0.00014691143587697297,0.0007286597974598408,0.0005817483615828678,0.0038495766930282116,0.1511200861737461
D-mini,gru,INDPRO,1,4,1988-07-01,0.005001679062843323,0.0005546982865780592,0.0044469807762652636,0.0038495766930282116,1.1551869545342432
D-mini,gru,INDPRO,1,4,1988-08-01,-0.0031296333763748407,0.000520473113283515,0.0036501064896583557,0.0038495766930282116,0.94818386038883
D-mini,gru,INDPRO,1,4,1988-09-01,0.004301536362618208,0.0007211487973108888,0.003580387565307319,0.0038495766930282116,0.9300730575887972
D-mini,gru,INDPRO,1,4,1988-10-01,0.002415755530819297,0.0005854142364114523,0.0018303412944078445,0.0038495766930282116,0.4754656006003699
D-mini,gru,INDPRO,1,4,1988-11-01,0.0045193093828856945,0.000724746030755341,0.0037945633521303535,0.0038495766930282116,0.9857092492799299
D-mini,gru,INDPRO,1,4,1988-12-01,0.002945349086076021,0.000558242027182132,0.002387107058893889,0.0038495766930282116,0.6200959869735982
D-mini,gru,INDPRO,1,4,1989-01-01,-0.004434996750205755,0.0007404351490549743,0.0051754318992607296,0.0038495766930282116,1.3444158441196177
D-mini,gru,INDPRO,1,4,1989-02-01,0.0024976085405796766,0.0008277939050458372,0.0016698146355338395,0.0038495766930282116,0.4337657796396063
D-mini,gru,INDPRO,1,4,1989-03-01,-0.0001496807235525921,0.0006448789499700069,0.000794559673522599,0.0038495766930282116,0.20640182983276809
D-mini,gru,INDPRO,1,4,1989-04-01,-0.00570129556581378,0.00018051284132525325,0.005881808407139033,0.0038495766930282116,1.527910436955653
D-mini,gru,INDPRO,1,4,1989-05-01,-7.60861876187846e-05,0.000734057161025703,0.0008101433486444876,0.0038495766930282116,0.21044998275049315
D-mini,gru,INDPRO,1,4,1989-06-01,-0.009693959727883339,0.0008104716544039547,0.010504431382287294,0.0038495766930282116,2.7287237584619053
D-mini,gru,INDPRO,1,4,1989-07-01,0.00975062046200037,0.0007288080523721874,0.009021812409628183,0.0038495766930282116,2.343585575517216
D-mini,gru,INDPRO,1,4,1989-08-01,-0.0031389666255563498,0.00045928743202239275,0.0035982540575787425,0.0038495766930282116,0.9347142152266695
D-mini,gru,INDPRO,1,4,1989-09-01,-0.001348758116364479,0.0005038028466515243,0.0018525609630160034,0.0038495766930282116,0.48123757772408843
D-mini,gru,INDPRO,1,4,1989-10-01,0.0033733523450791836,0.00024371466133743525,0.0031296376837417483,0.0038495766930282116,0.8129822921594702
D-mini,gru,INDPRO,1,4,1989-11-01,0.005469228141009808,0.0004288125201128423,0.005040415620896965,0.0038495766930282116,1.30934282463457
D-mini,gru,INDPRO,1,4,1989-12-01,-0.005070632789283991,0.0005360621144063771,0.005606694903690368,0.0038495766930282116,1.4564445264447883
D-mini,gru,INDPRO,1,4,1990-01-01,0.00904064066708088,0.0004937659832648933,0.008546874683815986,0.0038495766930282116,2.220211562298481
D-mini,gru,INDPRO,1,4,1990-02-01,0.004969202913343906,0.0004692506627179682,0.004499952250625938,0.0038495766930282116,1.168947291990725
D-mini,gru,INDPRO,1,4,1990-03-01,-0.0026232502423226833,0.00034712423803284764,0.002970374480355531,0.0038495766930282116,0.771610677541517
D-mini,gru,INDPRO,1,4,1990-04-01,0.003036903217434883,0.00035788369132205844,0.0026790195261128247,0.0038495766930282116,0.6959257445019011
D-mini,gru,INDPRO,1,4,1990-05-01,0.0033858350943773985,0.0006250684382393956,0.002760766656138003,0.0038495766930282116,0.7171611001120975
D-mini,gru,INDPRO,1,4,1990-06-01,-0.0017488731537014246,0.00045947061153128743,0.002208343765232712,0.0038495766930282116,0.5736588568899381
D-mini,gru,INDPRO,1,4,1990-07-01,0.0034867499489337206,0.00040617212653160095,0.0030805778224021196,0.0038495766930282116,0.8002380698067947
D-mini,gru,INDPRO,1,4,1990-08-01,7.62511117500253e-05,0.0005398843204602599,0.0004636332087102346,0.0038495766930282116,0.12043745213594498
D-mini,gru,INDPRO,1,4,1990-09-01,-0.005859652999788523,0.0005472621414810419,0.006406915141269565,0.0038495766930282116,1.6643167943303556
D-mini,gru,INDPRO,1,4,1990-10-01,-0.012797143310308456,0.0006723877741023898,0.013469531084410846,0.0038495766930282116,3.4989642130795535
D-mini,gru,INDPRO,1,4,1990-11-01,-0.007366596721112728,0.0006083658081479371,0.007974962529260665,0.0038495766930282116,2.071646616030211
D-mini,gru,INDPRO,1,4,1990-12-01,-0.0032611910719424486,0.000519749301020056,0.0037809403729625046,0.0038495766930282116,0.9821704240390869
D-mini,gru,INDPRO,1,4,1991-01-01,-0.00741593586280942,0.0008657866274006665,0.008281722490210086,0.0038495766930282116,2.151333289503941
D-mini,gru,INDPRO,1,4,1991-02-01,-0.005771039053797722,0.0007441331981681287,0.006515172251965851,0.0038495766930282116,1.6924386163718141
D-mini,gru,INDPRO,1,4,1991-03-01,0.0026351436972618103,0.0005175952101126313,0.002117548487149179,0.0038495766930282116,0.5500730745237968
D-mini,rnn,INDPRO,1,0,1982-04-01,-0.006679415237158537,0.00035372673301026225,0.007033141970168799,0.008915668353438377,0.7888519055844455
D-mini,rnn,INDPRO,1,0,1982-05-01,-0.0026065618731081486,0.0003176074242219329,0.0029241692973300815,0.008915668353438377,0.32798094112623194
D-mini,rnn,INDPRO,1,0,1982-06-01,-0.003292031353339553,-0.0022303257137537003,0.0010617056395858526,0.008915668353438377,0.1190831239450938
D-mini,rnn,INDPRO,1,0,1982-07-01,-0.00917080044746399,-0.0009133946150541306,0.008257405832409859,0.008915668353438377,0.9261678995972684
D-mini,rnn,INDPRO,1,0,1982-08-01,-0.002468725200742483,-0.0028035524301230907,0.0003348272293806076,0.008915668353438377,0.03755492197637428
D-mini,rnn,INDPRO,1,0,1982-09-01,-0.009727582335472107,-0.0025182832032442093,0.007209299132227898,0.008915668353438377,0.8086100611231901
D-mini,rnn,INDPRO,1,0,1982-10-01,-0.0032538000959903,-0.0029980605468153954,0.0002557395491749048,0.008915668353438377,0.028684282438150296
D-mini,rnn,INDPRO,1,0,1982-11-01,-0.007099566515535116,-0.0033298765774816275,0.0037696899380534887,0.008915668353438377,0.42281630368178585
D-mini,rnn,INDPRO,1,0,1982-12-01,0.018463803455233574,-0.003396624932065606,0.02186042838729918,0.008915668353438377,2.4519113453640955
D-mini,rnn,INDPRO,1,0,1983-01-01,-0.006294942460954189,-0.002394532086327672,0.0039004103746265173,0.008915668353438377,0.4374781811082399
D-mini,rnn,INDPRO,1,0,1983-02-01,0.008404652588069439,-0.0030225669033825397,0.011427219491451979,0.008915668353438377,1.2817008258326485
D-mini,rnn,INDPRO,1,0,1983-03-01,0.01258006040006876,-0.00357886147685349,0.01615892187692225,0.008915668353438377,1.812418456625349
D-mini,rnn,INDPRO,1,0,1983-04-01,0.00601511774584651,-0.002931061899289489,0.008946179645135999,0.008915668353438377,1.003422210258175
D-mini,rnn,INDPRO,1,0,1983-05-01,0.006107409950345755,-0.0014977500541135669,0.0076051600044593215,0.008915668353438377,0.85301064406757
D-mini,rnn,INDPRO,1,0,1983-06-01,0.014783412218093872,-0.0029769386164844036,0.017760350834578276,0.008915668353438377,1.9920380761728196
D-mini,rnn,INDPRO,1,0,1983-07-01,0.011758988723158836,-0.0023376650642603636,0.0140966537874192,0.008915668353438377,1.5811101567032546
D-mini,rnn,INDPRO,1,0,1983-08-01,0.014439995400607586,-0.0019340451108291745,0.01637404051143676,0.008915668353438377,1.8365466123604766
D-mini,rnn,INDPRO,1,0,1983-09-01,0.00761678209528327,-0.0031990038696676493,0.01081578596495092,0.008915668353438377,1.2131211633483148
D-mini,rnn,INDPRO,1,0,1983-10-01,0.004450101405382156,-0.0026819591876119375,0.007132060592994094,0.008915668353438377,0.7999468251018529
D-mini,rnn,INDPRO,1,0,1983-11-01,0.005008738487958908,-0.0008480134420096874,0.0058567519299685955,0.008915668353438377,0.6569055395280496
D-mini,rnn,INDPRO,1,0,1983-12-01,0.01976330578327179,-0.0009752387413755059,0.020738544524647295,0.008915668353438377,2.3260785061222427
D-mini,rnn,INDPRO,1,0,1984-01-01,0.004384096711874008,-0.002232783241197467,0.006616879953071475,0.008915668353438377,0.7421630875849748
D-mini,rnn,INDPRO,1,0,1984-02-01,0.004883820656687021,-0.003269029315561056,0.008152849972248077,0.008915668353438377,0.9144406957560153
D-mini,rnn,INDPRO,1,0,1984-03-01,0.0058993929997086525,-0.0024237954057753086,0.008323188405483961,0.008915668353438377,0.9335462105063697
D-mini,rnn,INDPRO,1,0,1984-04-01,0.0054128882475197315,-0.0012776036746799946,0.006690491922199726,0.008915668353438377,0.750419559922224
D-mini,rnn,INDPRO,1,0,1984-05-01,0.0036610111128538847,-0.0033624281641095877,0.007023439276963472,0.008915668353438377,0.7877636312318463
D-mini,rnn,INDPRO,1,0,1984-06-01,0.002766319550573826,-0.00327972206287086,0.006046041613444686,0.008915668353438377,0.6781366661213902
D-mini,rnn,INDPRO,1,0,1984-07-01,0.0010296775726601481,-3.0134397093206644e-06,0.0010326910123694688,0.008915668353438377,0.11582878270378975
D-mini,rnn,INDPRO,1,0,1984-08-01,-0.0029654810205101967,-0.002470425795763731,0.0004950552247464657,0.008915668353438377,0.055526428880179786
D-mini,rnn,INDPRO,1,0,1984-09-01,-0.00011020579404430464,0.0005817716009914875,0.0006919773950357921,0.008915668353438377,0.07761363114958479
D-mini,rnn,INDPRO,1,0,1984-10-01,0.003363147610798478,-0.0015487963100895286,0.004911943920888007,0.008915668353438377,0.5509338981853994
D-mini,rnn,INDPRO,1,0,1984-11-01,0.00032215079409070313,-0.0016752394149079919,0.001997390208998695,0.008915668353438377,0.22403146122280224
D-mini,rnn,INDPRO,1,0,1984-12-01,-0.00017204490723088384,-0.0008825086406432092,0.0007104637334123254,0.008915668353438377,0.07968709750608109
D-mini,rnn,INDPRO,1,0,1985-01-01,0.0027473473455756903,-0.0010510245338082314,0.0037983718793839216,0.008915668353438377,0.4260333301786689
D-mini,rnn,INDPRO,1,0,1985-02-01,0.001510290545411408,-0.0007222789572551847,0.0022325695026665926,0.008915668353438377,0.25040966242374746
D-mini,rnn,INDPRO,1,0,1985-03-01,-0.0021786103025078773,-0.004196517169475555,0.002017906866967678,0.008915668353438377,0.2263326524690054
D-mini,rnn,INDPRO,1,0,1985-04-01,0.001452934113331139,-0.005525683052837849,0.006978617166168988,0.008915668353438377,0.7827362895881659
D-mini,rnn,INDPRO,1,0,1985-05-01,-0.00048529342166148126,-0.0011406611884012818,0.0006553677667398006,0.008915668353438377,0.07350741871046093
D-mini,rnn,INDPRO,1,0,1985-06-01,-0.004743077326565981,-0.001598241040483117,0.003144836286082864,0.008915668353438377,0.3527314118711067
D-mini,rnn,INDPRO,1,0,1985-07-01,0.003037209389731288,-0.0035423911176621914,0.006579600507393479,0.008915668353438377,0.7379817470280867
D-mini,rnn,INDPRO,1,0,1985-08-01,0.0033778606448322535,-0.0019974594470113516,0.005375320091843605,0.008915668353438377,0.6029071381699144
D-mini,rnn,INDPRO,1,0,1985-09-01,-0.003114667721092701,-0.0021343547850847244,0.0009803129360079765,0.008915668353438377,0.10995394816698328
D-mini,rnn,INDPRO,1,0,1985-10-01,0.0035117424558848143,-0.005419840104877949,0.008931582560762763,0.008915668353438377,1.001784970760857
D-mini,rnn,INDPRO,1,0,1985-11-01,0.009583811275660992,-0.0018484792672097683,0.01143229054287076,0.008915668353438377,1.282269605560399
D-mini,rnn,INDPRO,1,0,1985-12-01,0.005520329345017672,-0.0003854560782201588,0.00590578542323783,0.008915668353438377,0.6624052386336501
D-mini,rnn,INDPRO,1,0,1986-01-01,-0.007043822668492794,-0.0009831753559410572,0.006060647312551737,0.008915668353438377,0.6797748718652612
D-mini,rnn,INDPRO,1,0,1986-02-01,-0.007148371543735266,-0.0035155760124325752,0.0036327955313026905,0.008915668353438377,0.40746194085401155
D-mini,rnn,INDPRO,1,0,1986-03-01,0.001432678080163896,-0.0005661063478328288,0.001998784427996725,0.008915668353438377,0.22418783974012252
D-mini,rnn,INDPRO,1,0,1986-04-01,0.0014759828336536884,-0.004735027905553579,0.006211010739207268,0.008915668353438377,0.6966399481214391
D-mini,rnn,INDPRO,1,0,1986-05-01,-0.004037339240312576,-0.004888318944722414,0.0008509797044098377,0.008915668353438377,0.09544766255035189
D-mini,rnn,INDPRO,1,0,1986-06-01,0.006512386258691549,-0.0020416141487658024,0.008554000407457352,0.008915668353438377,0.9594345671413914
D-mini,rnn,INDPRO,1,0,1986-07-01,-0.0018566171638667583,0.0005301089840941131,0.0023867261479608715,0.008915668353438377,0.26770019401186196
D-mini,rnn,INDPRO,1,0,1986-08-01,0.0025494743604213,-0.004940924234688282,0.007490398595109582,0.008915668353438377,0.8401387644955264
D-mini,rnn,INDPRO,1,0,1986-09-01,0.004253340419381857,-0.004533177241683006,0.008786517661064863,0.008915668353438377,0.9855141883643859
D-mini,rnn,INDPRO,1,0,1986-10-01,0.003998607397079468,-0.0019330723443999887,0.005931679741479456,0.008915668353438377,0.6653095994975936
D-mini,rnn,INDPRO,1,0,1986-11-01,0.009439539164304733,-5.658293957822025e-05,0.009496122103882954,0.008915668353438377,1.0651049060411406
D-mini,rnn,INDPRO,1,0,1986-12-01,-0.003493734635412693,-0.003571929642930627,7.819500751793385e-05,0.008915668353438377,0.008770515503504288
D-mini,rnn,INDPRO,1,0,1987-01-01,0.013094911351799965,-0.00439450703561306,0.017489418387413025,0.008915668353438377,1.9616497265365567
D-mini,rnn,INDPRO,1,0,1987-02-01,0.0014471948379650712,-0.0029872064478695393,0.0044344012858346105,0.008915668353438377,0.49737171797383634
D-mini,rnn,INDPRO,1,0,1987-03-01,0.0063111144118011,-0.0035129855386912823,0.009824099950492382,0.008915668353438377,1.1018915869278227
D-mini,rnn,INDPRO,1,1,1983-04-01,0.00601511774584651,-0.0072715808637440205,0.01328669860959053,0.009071581065654755,1.464650815930458
D-mini,rnn,INDPRO,1,1,1983-05-01,0.006107409950345755,-0.004327166825532913,0.010434576775878668,0.009071581065654755,1.1502489698718839
D-mini,rnn,INDPRO,1,1,1983-06-01,0.014783412218093872,-0.00591081939637661,0.020694231614470482,0.009071581065654755,2.2812155306443094
D-mini,rnn,INDPRO,1,1,1983-07-01,0.011758988723158836,-0.007601638324558735,0.01936062704771757,0.009071581065654755,2.134206474879822
D-mini,rnn,INDPRO,1,1,1983-08-01,0.014439995400607586,-0.00878196768462658,0.023221963085234165,0.009071581065654755,2.559858410255863
D-mini,rnn,INDPRO,1,1,1983-09-01,0.00761678209528327,-0.003990178927779198,0.011606961023062468,0.009071581065654755,1.279486005698249
D-mini,rnn,INDPRO,1,1,1983-10-01,0.004450101405382156,-0.0049897353164851665,0.009439836721867323,0.009071581065654755,1.0405944293004
D-mini,rnn,INDPRO,1,1,1983-11-01,0.005008738487958908,-0.006962135434150696,0.011970873922109604,0.009071581065654755,1.3196017139097889
D-mini,rnn,INDPRO,1,1,1983-12-01,0.01976330578327179,-0.007240814622491598,0.027004120405763388,0.009071581065654755,2.976782129854045
D-mini,rnn,INDPRO,1,1,1984-01-01,0.004384096711874008,-0.007510483730584383,0.011894580442458391,0.009071581065654755,1.311191550444452
D-mini,rnn,INDPRO,1,1,1984-02-01,0.004883820656687021,-0.005237000063061714,0.010120820719748735,0.009071581065654755,1.115662269509604
D-mini,rnn,INDPRO,1,1,1984-03-01,0.0058993929997086525,-0.007781217806041241,0.013680610805749893,0.009071581065654755,1.5080734776813103
D-mini,rnn,INDPRO,1,1,1984-04-01,0.0054128882475197315,-0.006234831176698208,0.01164771942421794,0.009071581065654755,1.2839789822654524
D-mini,rnn,INDPRO,1,1,1984-05-01,0.0036610111128538847,-0.007624481804668903,0.011285492917522788,0.009071581065654755,1.244049172448005
D-mini,rnn,INDPRO,1,1,1984-06-01,0.002766319550573826,-0.0070379627868533134,0.00980428233742714,0.009071581065654755,1.0807688611797133
D-mini,rnn,INDPRO,1,1,1984-07-01,0.0010296775726601481,-0.008073762990534306,0.009103440563194454,0.009071581065654755,1.0035120115566536
D-mini,rnn,INDPRO,1,1,1984-08-01,-0.0029654810205101967,-0.005264366511255503,0.002298885490745306,0.009071581065654755,0.25341618777447156
D-mini,rnn,INDPRO,1,1,1984-09-01,-0.00011020579404430464,-0.005548673216253519,0.005438467422209214,0.009071581065654755,0.5995060158586242
D-mini,rnn,INDPRO,1,1,1984-10-01,0.003363147610798478,-0.006171700544655323,0.009534848155453801,0.009071581065654755,1.051067954576627
D-mini,rnn,INDPRO,1,1,1984-11-01,0.00032215079409070313,-0.005432425998151302,0.0057545767922420055,0.009071581065654755,0.6343521322902559
D-mini,rnn,INDPRO,1,1,1984-12-01,-0.00017204490723088384,-0.007168300449848175,0.006996255542617291,0.009071581065654755,0.7712278038395423
D-mini,rnn,INDPRO,1,1,1985-01-01,0.0027473473455756903,-0.007596913725137711,0.0103442610707134,0.009071581065654755,1.1402930752476044
D-mini,rnn,INDPRO,1,1,1985-02-01,0.001510290545411408,-0.00760157685726881,0.009111867402680218,0.009071581065654755,1.0044409388764644
D-mini,rnn,INDPRO,1,1,1985-03-01,-0.0021786103025078773,-0.004944037180393934,0.002765426877886057,0.009071581065654755,0.30484508244720826
D-mini,rnn,INDPRO,1,1,1985-04-01,0.001452934113331139,-0.005707006435841322,0.007159940549172461,0.009071581065654755,0.7892715169883875
D-mini,rnn,INDPRO,1,1,1985-05-01,-0.00048529342166148126,-0.006511251907795668,0.006025958486134186,0.009071581065654755,0.6642677216377004
D-mini,rnn,INDPRO,1,1,1985-06-01,-0.004743077326565981,-0.007502310443669558,0.0027592331171035767,0.009071581065654755,0.3041623171455862
D-mini,rnn,INDPRO,1,1,1985-07-01,0.003037209389731288,-0.0045239911414682865,0.0075612005311995745,0.009071581065654755,0.8335041572660888
D-mini,rnn,INDPRO,1,1,1985-08-01,0.0033778606448322535,-0.007768062874674797,0.01114592351950705,0.009071581065654755,1.22866382815073
D-mini,rnn,INDPRO,1,1,1985-09-01,-0.003114667721092701,-0.006164664402604103,0.003049996681511402,0.009071581065654755,0.3362144547281587
D-mini,rnn,INDPRO,1,1,1985-10-01,0.0035117424558848143,-0.006916563026607037,0.01042830548249185,0.009071581065654755,1.1495576578126707
D-mini,rnn,INDPRO,1,1,1985-11-01,0.009583811275660992,-0.00657074386253953,0.01615455513820052,0.009071581065654755,1.7807871661272028
D-mini,rnn,INDPRO,1,1,1985-12-01,0.005520329345017672,-0.006979766301810741,0.012500095646828413,0.009071581065654755,1.3779401359432377
D-mini,rnn,INDPRO,1,1,1986-01-01,-0.007043822668492794,-0.006773201748728752,0.0002706209197640419,0.009071581065654755,0.029831725892702415
D-mini,rnn,INDPRO,1,1,1986-02-01,-0.007148371543735266,-0.005215669050812721,0.0019327024929225445,0.009071581065654755,0.21305023666048767
D-mini,rnn,INDPRO,1,1,1986-03-01,0.001432678080163896,-0.0053077139891684055,0.006740392069332302,0.009071581065654755,0.7430228557237507
D-mini,rnn,INDPRO,1,1,1986-04-01,0.0014759828336536884,-0.006189411506056786,0.007665394339710474,0.009071581065654755,0.8449898958332478
D-mini,rnn,INDPRO,1,1,1986-05-01,-0.004037339240312576,-0.0068373652175068855,0.0028000259771943092,0.009071581065654755,0.30865909227171895
D-mini,rnn,INDPRO,1,1,1986-06-01,0.006512386258691549,-0.008417856879532337,0.014930243138223886,0.009071581065654755,1.6458259073217325
D-mini,rnn,INDPRO,1,1,1986-07-01,-0.0018566171638667583,-0.006219969131052494,0.004363351967185736,0.009071581065654755,0.4809913438028462
D-mini,rnn,INDPRO,1,1,1986-08-01,0.0025494743604213,-0.006664307788014412,0.009213782148435712,0.009071581065654755,1.0156754464025388
D-mini,rnn,INDPRO,1,1,1986-09-01,0.004253340419381857,-0.004746214486658573,0.00899955490604043,0.009071581065654755,0.9920602418593802
D-mini,rnn,INDPRO,1,1,1986-10-01,0.003998607397079468,-0.009251002222299576,0.013249609619379044,0.009071581065654755,1.460562334557359
D-mini,rnn,INDPRO,1,1,1986-11-01,0.009439539164304733,-0.0054466906003654,0.014886229764670134,0.009071581065654755,1.6409741209313327
D-mini,rnn,INDPRO,1,1,1986-12-01,-0.003493734635412693,-0.005453793331980705,0.0019600586965680122,0.009071581065654755,0.21606583046353917
D-mini,rnn,INDPRO,1,1,1987-01-01,0.013094911351799965,-0.006008542142808437,0.019103453494608402,0.009071581065654755,2.1058571109433815
D-mini,rnn,INDPRO,1,1,1987-02-01,0.0014471948379650712,-0.004448952618986368,0.005896147456951439,0.009071581065654755,0.6499580849554891
D-mini,rnn,INDPRO,1,1,1987-03-01,0.0063111144118011,-0.006096428260207176,0.012407542672008276,0.009071581065654755,1.3677376173138727
D-mini,rnn,INDPRO,1,1,1987-04-01,0.006302766967564821,-0.0070862676948308945,0.013389034662395716,0.009071581065654755,1.4759317659726323
D-mini,rnn,INDPRO,1,1,1987-05-01,0.005166029091924429,-0.006348874419927597,0.011514903511852026,0.009071581065654755,1.2693381041864638
D-mini,rnn,INDPRO,1,1,1987-06-01,0.006797065492719412,-0.007229066453874111,0.014026131946593523,0.009071581065654755,1.5461617820620959
D-mini,rnn,INDPRO,1,1,1987-07-01,0.007478081621229649,-0.006105626933276653,0.013583708554506302,0.009071581065654755,1.4973915193168015
D-mini,rnn,INDPRO,1,1,1987-08-01,0.003931773826479912,-0.006625858135521412,0.010557631962001324,0.009071581065654755,1.1638138804681797
D-mini,rnn,INDPRO,1,1,1987-09-01,0.013233494944870472,-0.007509990129619837,0.02074348507449031,0.009071581065654755,2.2866449546513663
D-mini,rnn,INDPRO,1,1,1987-10-01,0.004865946248173714,-0.00665602320805192,0.011521969456225634,0.009071581065654755,1.2701170140945015
D-mini,rnn,INDPRO,1,1,1987-11-01,0.005592546425759792,-0.004754308145493269,0.010346854571253061,0.009071581065654755,1.1405789681389196
D-mini,rnn,INDPRO,1,1,1987-12-01,-0.00019700829579960555,-0.005907213315367699,0.005710205019568093,0.009071581065654755,0.6294608379995721
D-mini,rnn,INDPRO,1,1,1988-01-01,0.0049992711283266544,-0.006795948371291161,0.011795219499617815,0.009071581065654755,1.3002385597671422
D-mini,rnn,INDPRO,1,1,1988-02-01,0.002464822493493557,-0.003106514224782586,0.005571336718276143,0.009071581065654755,0.6141527786561233
D-mini,rnn,INDPRO,1,1,1988-03-01,0.005784378852695227,-0.006292769685387611,0.012077148538082838,0.009071581065654755,1.3313168289712187
D-mini,rnn,INDPRO,1,2,1984-04-01,0.0054128882475197315,0.005598624236881733,0.00018573598936200142,0.007276128977537155,0.025526758793776888
D-mini,rnn,INDPRO,1,2,1984-05-01,0.0036610111128538847,0.0031268491875380278,0.0005341619253158569,0.007276128977537155,0.0734129269787438
D-mini,rnn,INDPRO,1,2,1984-06-01,0.002766319550573826,0.005181150045245886,0.00241483049467206,0.007276128977537155,0.3318839594689866
D-mini,rnn,INDPRO,1,2,1984-07-01,0.0010296775726601481,0.0023527233861386776,0.0013230458134785295,0.007276128977537155,0.1818337494515329
D-mini,rnn,INDPRO,1,2,1984-08-01,-0.0029654810205101967,0.003349725157022476,0.006315206177532673,0.007276128977537155,0.8679348863975556
D-mini,rnn,INDPRO,1,2,1984-09-01,-0.00011020579404430464,0.0018659132765606046,0.001976119070604909,0.007276128977537155,0.2715893405278519
D-mini,rnn,INDPRO,1,2,1984-10-01,0.003363147610798478,0.0029868558049201965,0.0003762918058782816,0.007276128977537155,0.05171593398632275
D-mini,rnn,INDPRO,1,2,1984-11-01,0.00032215079409070313,0.0037413376849144697,0.0034191868908237666,0.007276128977537155,0.46991840048183187
D-mini,rnn,INDPRO,1,2,1984-12-01,-0.00017204490723088384,0.003034170949831605,0.003206215857062489,0.007276128977537155,0.4406485738447888
D-mini,rnn,INDPRO,1,2,1985-01-01,0.0027473473455756903,0.0028154042083770037,6.80568628013134e-05,0.007276128977537155,0.009353443707693797
D-mini,rnn,INDPRO,1,2,1985-02-01,0.001510290545411408,0.001668176264502108,0.00015788571909070015,0.007276128977537155,0.021699136941926742
D-mini,rnn,INDPRO,1,2,1985-03-01,-0.0021786103025078773,0.005002561490982771,0.007181171793490648,0.007276128977537155,0.9869494913655794
D-mini,rnn,INDPRO,1,2,1985-04-01,0.001452934113331139,0.002750908490270376,0.0012979743769392371,0.007276128977537155,0.17838803860491478
D-mini,rnn,INDPRO,1,2,1985-05-01,-0.00048529342166148126,0.0024706798139959574,0.0029559732356574386,0.007276128977537155,0.40625629985162587
D-mini,rnn,INDPRO,1,2,1985-06-01,-0.004743077326565981,-0.0011458240915089846,0.0035972532350569963,0.007276128977537155,0.49439107610137567
D-mini,rnn,INDPRO,1,2,1985-07-01,0.003037209389731288,0.0044669220224022865,0.0014297126326709986,0.007276128977537155,0.1964935801831995
D-mini,rnn,INDPRO,1,2,1985-08-01,0.0033778606448322535,0.0025895447470247746,0.0007883158978074789,0.007276128977537155,0.10834276031130914
D-mini,rnn,INDPRO,1,2,1985-09-01,-0.003114667721092701,0.0044387211091816425,0.0075533888302743435,0.007276128977537155,1.0381054065414652
D-mini,rnn,INDPRO,1,2,1985-10-01,0.0035117424558848143,0.0021463818848133087,0.0013653605710715055,0.007276128977537155,0.1876493084834866
D-mini,rnn,INDPRO,1,2,1985-11-01,0.009583811275660992,0.0017723293276503682,0.0078114819480106235,0.007276128977537155,1.0735766191234664
D-mini,rnn,INDPRO,1,2,1985-12-01,0.005520329345017672,0.002043146174401045,0.0034771831706166267,0.007276128977537155,0.4778891607544859
D-mini,rnn,INDPRO,1,2,1986-01-01,-0.007043822668492794,0.003695419291034341,0.010739241959527135,0.007276128977537155,1.4759554142980824
D-mini,rnn,INDPRO,1,2,1986-02-01,-0.007148371543735266,0.003427896648645401,0.010576268192380667,0.007276128977537155,1.4535569978255871
D-mini,rnn,INDPRO,1,2,1986-03-01,0.001432678080163896,0.003244803985580802,0.0018121259054169059,0.007276128977537155,0.2490508223550319
D-mini,rnn,INDPRO,1,2,1986-04-01,0.0014759828336536884,0.0038967763539403677,0.0024207935202866793,0.007276128977537155,0.33270349216735245
D-mini,rnn,INDPRO,1,2,1986-05-01,-0.004037339240312576,0.0029304397758096457,0.006967779016122222,0.007276128977537155,0.9576217020936723
D-mini,rnn,INDPRO,1,2,1986-06-01,0.006512386258691549,0.0014896908542141318,0.0050226954044774175,0.007276128977537155,0.6902977421075779
D-mini,rnn,INDPRO,1,2,1986-07-01,-0.0018566171638667583,0.0036942476872354746,0.005550864851102233,0.007276128977537155,0.762887088483292
D-mini,rnn,INDPRO,1,2,1986-08-01,0.0025494743604213,0.0038886056281626225,0.0013391312677413225,0.007276128977537155,0.18404446538475125
D-mini,rnn,INDPRO,1,2,1986-09-01,0.004253340419381857,0.004513435997068882,0.00026009557768702507,0.007276128977537155,0.0357464221002667
D-mini,rnn,INDPRO,1,2,1986-10-01,0.003998607397079468,0.00277604628354311,0.0012225611135363579,0.007276128977537155,0.16802356270905108
D-mini,rnn,INDPRO,1,2,1986-11-01,0.009439539164304733,-0.0006639936473220587,0.010103532811626792,0.007276128977537155,1.3885862720161215
D-mini,rnn,INDPRO,1,2,1986-12-01,-0.003493734635412693,0.004108586348593235,0.007602320984005928,0.007276128977537155,1.044830432153662
D-mini,rnn,INDPRO,1,2,1987-01-01,0.013094911351799965,0.0016580618685111403,0.011436849483288825,0.007276128977537155,1.5718316042220573
D-mini,rnn,INDPRO,1,2,1987-02-01,0.0014471948379650712,0.004072972573339939,0.002625777735374868,0.007276128977537155,0.36087564465681704
D-mini,rnn,INDPRO,1,2,1987-03-01,0.0063111144118011,0.002551349811255932,0.003759764600545168,0.007276128977537155,0.5167259420706124
D-mini,rnn,INDPRO,1,2,1987-04-01,0.006302766967564821,0.002876916201785207,0.0034258507657796144,0.007276128977537155,0.47083425491162834
D-mini,rnn,INDPRO,1,2,1987-05-01,0.005166029091924429,0.004343799781054258,0.0008222293108701706,0.007276128977537155,0.1130036745374573
D-mini,rnn,INDPRO,1,2,1987-06-01,0.006797065492719412,0.0011982176220044494,0.0055988478707149625,0.007276128977537155,0.7694816691677278
D-mini,rnn,INDPRO,1,2,1987-07-01,0.007478081621229649,0.0021702279336750507,0.005307853687554598,0.007276128977537155,0.7294886750827244
D-mini,rnn,INDPRO,1,2,1987-08-01,0.003931773826479912,0.004000031389296055,6.825756281614304e-05,0.007276128977537155,0.00938102705805073
D-mini,rnn,INDPRO,1,2,1987-09-01,0.013233494944870472,0.0016156185884028673,0.011617876356467605,0.007276128977537155,1.5967111622587065
D-mini,rnn,INDPRO,1,2,1987-10-01,0.004865946248173714,0.00209310045465827,0.002772845793515444,0.007276128977537155,0.38108804861427903
D-mini,rnn,INDPRO,1,2,1987-11-01,0.005592546425759792,0.00044401013292372227,0.00514853629283607,0.007276128977537155,0.7075927747749685
D-mini,rnn,INDPRO,1,2,1987-12-01,-0.00019700829579960555,-1.2303004041314125e-05,0.00018470529175829142,0.007276128977537155,0.02538510413002753
D-mini,rnn,INDPRO,1,2,1988-01-01,0.0049992711283266544,0.002453527180477977,0.0025457439478486776,0.007276128977537155,0.34987614371706316
D-mini,rnn,INDPRO,1,2,1988-02-01,0.002464822493493557,0.002753661712631583,0.00028883921913802624,0.007276128977537155,0.03969682506037618
D-mini,rnn,INDPRO,1,2,1988-03-01,0.005784378852695227,0.0025034055579453707,0.003280973294749856,0.007276128977537155,0.4509229158634856
D-mini,rnn,INDPRO,1,2,1988-04-01,-0.0020182731095701456,0.0037160376086831093,0.005734310718253255,0.007276128977537155,0.7880991026899334
D-mini,rnn,INDPRO,1,2,1988-05-01,0.002896927297115326,0.003372539533302188,0.000475612236186862,0.007276128977537155,0.06536610849741267
D-mini,rnn,INDPRO,1,2,1988-06-01,0.00014691143587697297,0.003115352476015687,0.002968441040138714,0.007276128977537155,0.40796982149476413
D-mini,rnn,INDPRO,1,2,1988-07-01,0.005001679062843323,0.0021411750931292772,0.0028605039697140455,0.007276128977537155,0.39313541287475595
D-mini,rnn,INDPRO,1,2,1988-08-01,-0.0031296333763748407,0.0029574104119092226,0.006087043788284063,0.007276128977537155,0.8365772249331984
D-mini,rnn,INDPRO,1,2,1988-09-01,0.004301536362618208,0.0017868670402094722,0.0025146693224087358,0.007276128977537155,0.3456053803020831
D-mini,rnn,INDPRO,1,2,1988-10-01,0.002415755530819297,0.004329081624746323,0.0019133260939270258,0.007276128977537155,0.2629593427815588
D-mini,rnn,INDPRO,1,2,1988-11-01,0.0045193093828856945,0.0021723173558712006,0.002346992027014494,0.007276128977537155,0.3225605310543726
D-mini,rnn,INDPRO,1,2,1988-12-01,0.002945349086076021,0.0024319649673998356,0.0005133841186761856,0.007276128977537155,0.07055731423413515
D-mini,rnn,INDPRO,1,2,1989-01-01,-0.004434996750205755,0.006483000237494707,0.010917996987700462,0.007276128977537155,1.5005227396884349
D-mini,rnn,INDPRO,1,2,1989-02-01,0.0024976085405796766,0.0010604043491184711,0.0014372041914612055,0.007276128977537155,0.19752318793387777
D-mini,rnn,INDPRO,1,2,1989-03-01,-0.0001496807235525921,0.0013064061058685184,0.0014560868294211105,0.007276128977537155,0.20011833681293137
D-mini,rnn,INDPRO,1,3,1985-04-01,0.001452934113331139,0.005888720508664846,0.004435786395333707,0.0036193644627928734,1.225570522375866
D-mini,rnn,INDPRO,1,3,1985-05-01,-0.00048529342166148126,0.0052971201948821545,0.005782413616543636,0.0036193644627928734,1.5976323125197651
D-mini,rnn,INDPRO,1,3,1985-06-01,-0.004743077326565981,0.005163800437003374,0.009906877763569355,0.0036193644627928734,2.7371871126580984
D-mini,rnn,INDPRO,1,3,1985-07-01,0.003037209389731288,0.005194537341594696,0.002157327951863408,0.0036193644627928734,0.5960515924938687
D-mini,rnn,INDPRO,1,3,1985-08-01,0.0033778606448322535,0.006053483113646507,0.002675622468814254,0.0036193644627928734,0.7392520140813938
D-mini,rnn,INDPRO,1,3,1985-09-01,-0.003114667721092701,0.005921837408095598,0.0090365051291883,0.0036193644627928734,2.496710464525947
D-mini,rnn,INDPRO,1,3,1985-10-01,0.0035117424558848143,0.005551877431571484,0.0020401349756866693,0.0036193644627928734,0.5636721575456937
D-mini,rnn,INDPRO,1,3,1985-11-01,0.009583811275660992,0.005663821939378977,0.003919989336282015,0.0036193644627928734,1.083060127428329
D-mini,rnn,INDPRO,1,3,1985-12-01,0.005520329345017672,0.004946216009557247,0.0005741133354604244,0.0036193644627928734,0.15862269228819562
D-mini,rnn,INDPRO,1,3,1986-01-01,-0.007043822668492794,0.004301339387893677,0.01134516205638647,0.0036193644627928734,3.1345729818079735
D-mini,rnn,INDPRO,1,3,1986-02-01,-0.007148371543735266,0.002164873294532299,0.009313244838267565,0.0036193644627928734,2.5731713216527035
D-mini,rnn,INDPRO,1,3,1986-03-01,0.001432678080163896,0.003280612174421549,0.0018479340942576528,0.0036193644627928734,0.5105686684097294
D-mini,rnn,INDPRO,1,3,1986-04-01,0.0014759828336536884,0.006203888449817896,0.0047279056161642075,0.0036193644627928734,1.3062806094183539
D-mini,rnn,INDPRO,1,3,1986-05-01,-0.004037339240312576,0.00795978307723999,0.011997122317552567,0.0036193644627928734,3.3147041257887078
D-mini,rnn,INDPRO,1,3,1986-06-01,0.006512386258691549,0.0050659398548305035,0.0014464464038610458,0.0036193644627928734,0.39964099187316965
D-mini,rnn,INDPRO,1,3,1986-07-01,-0.0018566171638667583,0.002956503303721547,0.0048131204675883055,0.0036193644627928734,1.329824757099558
D-mini,rnn,INDPRO,1,3,1986-08-01,0.0025494743604213,0.006457957439124584,0.003908483078703284,0.0036193644627928734,1.0798810451068288
D-mini,rnn,INDPRO,1,3,1986-09-01,0.004253340419381857,0.005484634544700384,0.0012312941253185272,0.0036193644627928734,0.34019622449638637
D-mini,rnn,INDPRO,1,3,1986-10-01,0.003998607397079468,0.004926204215735197,0.0009275968186557293,0.0036193644627928734,0.25628720958926354
D-mini,rnn,INDPRO,1,3,1986-11-01,0.009439539164304733,0.0060290684923529625,0.0034104706719517708,0.0036193644627928734,0.9422844002065738
D-mini,rnn,INDPRO,1,3,1986-12-01,-0.003493734635412693,0.006061345338821411,0.009555079974234104,0.0036193644627928734,2.6399883384114764
D-mini,rnn,INDPRO,1,3,1987-01-01,0.013094911351799965,0.004773136228322983,0.008321775123476982,0.0036193644627928734,2.299236567365616
D-mini,rnn,INDPRO,1,3,1987-02-01,0.0014471948379650712,0.003920793533325195,0.002473598695360124,0.0036193644627928734,0.6834345423868636
D-mini,rnn,INDPRO,1,3,1987-03-01,0.0063111144118011,0.005116174928843975,0.0011949394829571247,0.0036193644627928734,0.3301517421749377
D-mini,rnn,INDPRO,1,3,1987-04-01,0.006302766967564821,0.005271925590932369,0.001030841376632452,0.0036193644627928734,0.2848128137493525
D-mini,rnn,INDPRO,1,3,1987-05-01,0.005166029091924429,0.004513534251600504,0.000652494840323925,0.0036193644627928734,0.1802788437118126
D-mini,rnn,INDPRO,1,3,1987-06-01,0.006797065492719412,0.005424877628684044,0.001372187864035368,0.0036193644627928734,0.3791239810584101
D-mini,rnn,INDPRO,1,3,1987-07-01,0.007478081621229649,0.004715317394584417,0.0027627642266452312,0.0036193644627928734,0.7633285498176526
D-mini,rnn,INDPRO,1,3,1987-08-01,0.003931773826479912,0.005655666813254356,0.0017238929867744446,0.0036193644627928734,0.47629715230286784
D-mini,rnn,INDPRO,1,3,1987-09-01,0.013233494944870472,0.0049855513498187065,0.008247943595051765,0.0036193644627928734,2.2788375362140956
D-mini,rnn,INDPRO,1,3,1987-10-01,0.004865946248173714,0.004387503024190664,0.0004784432239830494,0.0036193644627928734,0.13218984407385706
D-mini,rnn,INDPRO,1,3,1987-11-01,0.005592546425759792,0.004736616276204586,0.0008559301495552063,0.0036193644627928734,0.23648631088529007
D-mini,rnn,INDPRO,1,3,1987-12-01,-0.00019700829579960555,0.00424628471955657,0.004443293015356176,0.0036193644627928734,1.2276445384357673
D-mini,rnn,INDPRO,1,3,1988-01-01,0.0049992711283266544,0.005158587358891964,0.00015931623056530952,0.0036193644627928734,0.044017736318926436
D-mini,rnn,INDPRO,1,3,1988-02-01,0.002464822493493557,0.0037039134185761213,0.0012390909250825644,0.0036193644627928734,0.3423504147815009
D-mini,rnn,INDPRO,1,3,1988-03-01,0.005784378852695227,0.005315672606229782,0.00046870624646544456,0.0036193644627928734,0.12949959897207164
D-mini,rnn,INDPRO,1,3,1988-04-01,-0.0020182731095701456,0.006058823317289352,0.008077096426859498,0.0036193644627928734,2.2316338986836453
D-mini,rnn,INDPRO,1,3,1988-05-01,0.002896927297115326,0.0047113336622715,0.0018144063651561737,0.0036193644627928734,0.5013052384771695
D-mini,rnn,INDPRO,1,3,1988-06-01,0.00014691143587697297,0.0044403583742678165,0.004293446938390844,0.0036193644627928734,1.1862433260113894
D-mini,rnn,INDPRO,1,3,1988-07-01,0.005001679062843323,0.004991804249584675,9.874813258647919e-06,0.0036193644627928734,0.002728327959276045
D-mini,rnn,INDPRO,1,3,1988-08-01,-0.0031296333763748407,0.004439422860741615,0.007569056237116456,0.0036193644627928734,2.091266661571798
D-mini,rnn,INDPRO,1,3,1988-09-01,0.004301536362618208,0.004008741118013859,0.00029279524460434914,0.0036193644627928734,0.08089686673289996
D-mini,rnn,INDPRO,1,3,1988-10-01,0.002415755530819297,0.004194771870970726,0.0017790163401514292,0.0036193644627928734,0.49152727182900385
D-mini,rnn,INDPRO,1,3,1988-11-01,0.0045193093828856945,0.004597422666847706,7.811328396201134e-05,0.0036193644627928734,0.021582044241473107
D-mini,rnn,INDPRO,1,3,1988-12-01,0.002945349086076021,0.005883682053536177,0.0029383329674601555,0.0036193644627928734,0.8118367182046095
D-mini,rnn,INDPRO,1,3,1989-01-01,-0.004434996750205755,0.004281304776668549,0.008716301526874304,0.0036193644627928734,2.408240898776022
D-mini,rnn,INDPRO,1,3,1989-02-01,0.0024976085405796766,0.004222110845148563,0.0017245023045688868,0.0036193644627928734,0.4764655016914707
D-mini,rnn,INDPRO,1,3,1989-03-01,-0.0001496807235525921,0.0045142024755477905,0.004663883199100383,0.0036193644627928734,1.288591753343765
D-mini,rnn,INDPRO,1,3,1989-04-01,-0.00570129556581378,0.004564864095300436,0.010266159661114216,0.0036193644627928734,2.836453683139818
D-mini,rnn,INDPRO,1,3,1989-05-01,-7.60861876187846e-05,0.0015963828191161156,0.0016724690067349002,0.0036193644627928734,0.4620891385567575
D-mini,rnn,INDPRO,1,3,1989-06-01,-0.009693959727883339,0.0027457501273602247,0.012439709855243564,0.0036193644627928734,3.436987344912066
D-mini,rnn,INDPRO,1,3,1989-07-01,0.00975062046200037,0.003510373877361417,0.006240246584638953,0.0036193644627928734,1.7241277160089268
D-mini,rnn,INDPRO,1,3,1989-08-01,-0.0031389666255563498,0.003484920132905245,0.006623886758461595,0.0036193644627928734,1.8301242736273895
D-mini,rnn,INDPRO,1,3,1989-09-01,-0.001348758116364479,0.006223159376531839,0.0075719174928963184,0.0036193644627928734,2.0920572025104835
D-mini,rnn,INDPRO,1,3,1989-10-01,0.0033733523450791836,0.0032048020511865616,0.000168550293892622,0.0036193644627928734,0.04656903045419211
D-mini,rnn,INDPRO,1,3,1989-11-01,0.005469228141009808,0.002430269494652748,0.0030389586463570595,0.0036193644627928734,0.839638748072377
D-mini,rnn,INDPRO,1,3,1989-12-01,-0.005070632789283991,0.005865813232958317,0.010936446022242308,0.0036193644627928734,3.021648174608872
D-mini,rnn,INDPRO,1,3,1990-01-01,0.00904064066708088,0.00637579383328557,0.002664846833795309,0.0036193644627928734,0.7362747966362544
D-mini,rnn,INDPRO,1,3,1990-02-01,0.004969202913343906,0.0024618925526738167,0.0025073103606700897,0.0036193644627928734,0.6927487923488451
D-mini,rnn,INDPRO,1,3,1990-03-01,-0.0026232502423226833,0.004731818102300167,0.00735506834462285,0.0036193644627928734,2.0321436042799985
D-mini,rnn,INDPRO,1,4,1986-04-01,0.0014759828336536884,0.001658307621255517,0.00018232478760182858,0.0038495766930282116,0.04736229516664221
D-mini,rnn,INDPRO,1,4,1986-05-01,-0.004037339240312576,0.0014404647517949343,0.005477803992107511,0.0038495766930282116,1.4229626862683644
D-mini,rnn,INDPRO,1,4,1986-06-01,0.006512386258691549,0.0014891435857862234,0.005023242672905326,0.0038495766930282116,1.3048818281767671
D-mini,rnn,INDPRO,1,4,1986-07-01,-0.0018566171638667583,0.0008734645089134574,0.0027300816727802157,0.0038495766930282116,0.7091900981540488
D-mini,rnn,INDPRO,1,4,1986-08-01,0.0025494743604213,0.001916782115586102,0.0006326922448351979,0.0038495766930282116,0.164353718677962
D-mini,rnn,INDPRO,1,4,1986-09-01,0.004253340419381857,0.002610566094517708,0.001642774324864149,0.0038495766930282116,0.4267415500097195
D-mini,rnn,INDPRO,1,4,1986-10-01,0.003998607397079468,0.0010658202227205038,0.002932787174358964,0.0038495766930282116,0.7618466673674531
D-mini,rnn,INDPRO,1,4,1986-11-01,0.009439539164304733,0.0014205079060047865,0.008019031258299947,0.0038495766930282116,2.08309429782834
D-mini,rnn,INDPRO,1,4,1986-12-01,-0.003493734635412693,0.0023594959639012814,0.005853230599313974,0.0038495766930282116,1.520486813501985
D-mini,rnn,INDPRO,1,4,1987-01-01,0.013094911351799965,0.0010074289748445153,0.01208748237695545,0.0038495766930282116,3.139951049383306
D-mini,rnn,INDPRO,1,4,1987-02-01,0.0014471948379650712,0.0008941353880800307,0.0005530594498850405,0.0038495766930282116,0.1436676013980084
D-mini,rnn,INDPRO,1,4,1987-03-01,0.0063111144118011,0.001709914649836719,0.004601199761964381,0.0038495766930282116,1.1952482386693057
D-mini,rnn,INDPRO,1,4,1987-04-01,0.006302766967564821,0.000788960256613791,0.00551380671095103,0.0038495766930282116,1.4323150701054554
D-mini,rnn,INDPRO,1,4,1987-05-01,0.005166029091924429,0.0011762607609853148,0.003989768330939114,0.0038495766930282116,1.0364174165343418
D-mini,rnn,INDPRO,1,4,1987-06-01,0.006797065492719412,0.001341206138022244,0.005455859354697168,0.0038495766930282116,1.4172621536747196
D-mini,rnn,INDPRO,1,4,1987-07-01,0.007478081621229649,0.0009410064667463303,0.006537075154483318,0.0038495766930282116,1.6981283075415303
D-mini,rnn,INDPRO,1,4,1987-08-01,0.003931773826479912,0.0017055992502719164,0.0022261745762079954,0.0038495766930282116,0.5782907456395702
D-mini,rnn,INDPRO,1,4,1987-09-01,0.013233494944870472,0.0006765164434909821,0.01255697850137949,0.0038495766930282116,3.2619115042235283
D-mini,rnn,INDPRO,1,4,1987-10-01,0.004865946248173714,0.0008333760779350996,0.004032570170238614,0.0038495766930282116,1.047535999878068
D-mini,rnn,INDPRO,1,4,1987-11-01,0.005592546425759792,0.0003486947389319539,0.005243851686827838,0.0038495766930282116,1.3621891716885997
D-mini,rnn,INDPRO,1,4,1987-12-01,-0.00019700829579960555,0.00125465530436486,0.0014516636001644656,0.0038495766930282116,0.37709694231927
D-mini,rnn,INDPRO,1,4,1988-01-01,0.0049992711283266544,0.0009704780532047153,0.004028793075121939,0.0038495766930282116,1.0465548283317223
D-mini,rnn,INDPRO,1,4,1988-02-01,0.002464822493493557,0.0014371303841471672,0.0010276921093463898,0.0038495766930282116,0.2669623678903696
D-mini,rnn,INDPRO,1,4,1988-03-01,0.005784378852695227,0.0016283283475786448,0.004156050505116582,0.0038495766930282116,1.0796123409213825
D-mini,rnn,INDPRO,1,4,1988-04-01,-0.0020182731095701456,0.0007670486811548471,0.0027853217907249928,0.0038495766930282116,0.7235397584802918
D-mini,rnn,INDPRO,1,4,1988-05-01,0.002896927297115326,0.0012977770529687405,0.0015991502441465855,0.0038495766930282116,0.41540937398200994
D-mini,rnn,INDPRO,1,4,1988-06-01,0.00014691143587697297,0.0015458535635843873,0.0013989421277074143,0.0038495766930282116,0.363401547562612
D-mini,rnn,INDPRO,1,4,1988-07-01,0.005001679062843323,0.0002676546573638916,0.004734024405479431,0.0038495766930282116,1.2297519397530128
D-mini,rnn,INDPRO,1,4,1988-08-01,-0.0031296333763748407,0.0011548472102731466,0.004284480586647987,0.0038495766930282116,1.1129744718185275
D-mini,rnn,INDPRO,1,4,1988-09-01,0.004301536362618208,0.0019776455592364073,0.0023238908033818007,0.0038495766930282116,0.6036743747930755
D-mini,rnn,INDPRO,1,4,1988-10-01,0.002415755530819297,0.001117121079005301,0.0012986344518139958,0.0038495766930282116,0.3373447408297884
D-mini,rnn,INDPRO,1,4,1988-11-01,0.0045193093828856945,0.00137846649158746,0.0031408428912982345,0.0038495766930282116,0.8158930557186893
D-mini,rnn,INDPRO,1,4,1988-12-01,0.002945349086076021,0.0009704785770736635,0.0019748705090023577,0.0038495766930282116,0.5130097843170532
D-mini,rnn,INDPRO,1,4,1989-01-01,-0.004434996750205755,0.0013752084923908114,0.005810205242596567,0.0038495766930282116,1.509310167302072
D-mini,rnn,INDPRO,1,4,1989-02-01,0.0024976085405796766,0.0015000887215137482,0.0009975198190659285,0.0038495766930282116,0.2591245476086994
D-mini,rnn,INDPRO,1,4,1989-03-01,-0.0001496807235525921,0.0002554251695983112,0.0004051058931509033,0.0038495766930282116,0.10523388036003326
D-mini,rnn,INDPRO,1,4,1989-04-01,-0.00570129556581378,0.0017697014845907688,0.007470997050404549,0.0038495766930282116,1.9407320976186608
D-mini,rnn,INDPRO,1,4,1989-05-01,-7.60861876187846e-05,0.0008171029621735215,0.0008931891497923061,0.0038495766930282116,0.23202269262745673
D-mini,rnn,INDPRO,1,4,1989-06-01,-0.009693959727883339,0.0019075684249401093,0.011601528152823448,0.0038495766930282116,3.0137152933813303
D-mini,rnn,INDPRO,1,4,1989-07-01,0.00975062046200037,0.001621063333004713,0.008129557128995657,0.0038495766930282116,2.1118054729806315
D-mini,rnn,INDPRO,1,4,1989-08-01,-0.0031389666255563498,0.0018322141841053963,0.004971180809661746,0.0038495766930282116,1.2913577793280022
D-mini,rnn,INDPRO,1,4,1989-09-01,-0.001348758116364479,0.001381376525387168,0.002730134641751647,0.0038495766930282116,0.7092038578413222
D-mini,rnn,INDPRO,1,4,1989-10-01,0.0033733523450791836,0.0008220367017202079,0.0025513156433589756,0.0038495766930282116,0.6627522574052218
D-mini,rnn,INDPRO,1,4,1989-11-01,0.005469228141009808,0.0011756697203963995,0.004293558420613408,0.0038495766930282116,1.1153326100475596
D-mini,rnn,INDPRO,1,4,1989-12-01,-0.005070632789283991,0.0016852673143148422,0.006755900103598833,0.0038495766930282116,1.7549722066413505
D-mini,rnn,INDPRO,1,4,1990-01-01,0.00904064066708088,0.0019454080611467361,0.007095232605934143,0.0038495766930282116,1.8431202107971993
D-mini,rnn,INDPRO,1,4,1990-02-01,0.004969202913343906,0.0010585865238681436,0.003910616389475763,0.0038495766930282116,1.0158562099978674
D-mini,rnn,INDPRO,1,4,1990-03-01,-0.0026232502423226833,0.0020774896256625652,0.0047007398679852486,0.0038495766930282116,1.221105654681082
D-mini,rnn,INDPRO,1,4,1990-04-01,0.003036903217434883,0.0011232639662921429,0.0019136392511427402,0.0038495766930282116,0.49710381263696934
D-mini,rnn,INDPRO,1,4,1990-05-01,0.0033858350943773985,0.002495597116649151,0.0008902379777282476,0.0038495766930282116,0.23125607013896257
D-mini,rnn,INDPRO,1,4,1990-06-01,-0.0017488731537014246,0.0014442040119320154,0.00319307716563344,0.0038495766930282116,0.8294618915935025
D-mini,rnn,INDPRO,1,4,1990-07-01,0.0034867499489337206,0.0010951514123007655,0.002391598536632955,0.0038495766930282116,0.62126273285171
D-mini,rnn,INDPRO,1,4,1990-08-01,7.62511117500253e-05,0.0013422982301563025,0.0012660471184062771,0.0038495766930282116,0.32887956764159443
D-mini,rnn,INDPRO,1,4,1990-09-01,-0.005859652999788523,0.0010155027266591787,0.0068751557264477015,0.0038495766930282116,1.785951099220591
D-mini,rnn,INDPRO,1,4,1990-10-01,-0.012797143310308456,0.002245992887765169,0.015043136198073626,0.0038495766930282116,3.907737758626175
D-mini,rnn,INDPRO,1,4,1990-11-01,-0.007366596721112728,0.0014345207018777728,0.008801117422990501,0.0038495766930282116,2.286255898974501
D-mini,rnn,INDPRO,1,4,1990-12-01,-0.0032611910719424486,0.0017330945702269673,0.004994285642169416,0.0038495766930282116,1.2973596944345422
D-mini,rnn,INDPRO,1,4,1991-01-01,-0.00741593586280942,0.001769626047462225,0.009185561910271645,0.0038495766930282116,2.3861225902856247
D-mini,rnn,INDPRO,1,4,1991-02-01,-0.005771039053797722,0.0019517721375450492,0.007722811191342771,0.0038495766930282116,2.0061455601934606
D-mini,rnn,INDPRO,1,4,1991-03-01,0.0026351436972618103,0.001401155604980886,0.0012339880922809243,0.0038495766930282116,0.32055163221341776
