target,horizon,feature,abs_corr,mutual_info,lasso_selection_frequency,rank_score
CPIAUCSL,1,AAAFFM,0.43133628062098783,0.29881522029176644,0.9230769230769231,0.9836065573770493
CPIAUCSL,1,TB3SMFFM,0.43355036647651546,0.15437796994583097,0.8974358974358975,0.9603825136612022
CPIAUCSL,1,COMPAPFFx,0.3710460358161876,0.13230247900568592,1.0,0.9426229508196721
CPIAUCSL,1,BUSINVx,0.36330279846267094,0.14763296346933918,0.8717948717948718,0.9289617486338798
CPIAUCSL,1,CES0600000007,0.2849506682554264,0.10732514180751274,1.0,0.9043715846994536
CPIAUCSL,1,M2REAL,0.33875641463181183,0.09887210905370791,1.0,0.9043715846994536
CPIAUCSL,1,AWHMAN,0.29376152717093224,0.19696904579556973,0.6923076923076923,0.8756830601092895
CPIAUCSL,1,T5YFFM,0.37001231594352413,0.14320030922772986,0.6666666666666666,0.8551912568306012
CPIAUCSL,1,HOUSTW,0.170966698656364,0.1396819709487982,0.8205128205128205,0.8442622950819673
CPIAUCSL,1,HOUSTMW,0.19448488745666054,0.11002802036372916,0.8205128205128205,0.8387978142076502
CPIAUCSL,1,CUSR0000SA0L5,0.21431871909068825,0.18152329154722402,0.5641025641025641,0.8292349726775957
CPIAUCSL,1,OILPRICEx,0.1637809356640225,0.1085425359060741,0.8717948717948718,0.8278688524590164
CPIAUCSL,1,CPITRNSL,0.24764264525609772,0.08055101901352257,0.7948717948717948,0.8210382513661202
CPIAUCSL,1,PERMITNE,0.12801767020003146,0.13472201492595381,0.8205128205128205,0.7978142076502731
CPIAUCSL,1,CPIAUCSL,0.20184106561288293,0.1846258933906002,0.48717948717948717,0.7909836065573771
CPIAUCSL,1,USWTRADE,0.21247962065891332,0.048916171593994306,0.9487179487179487,0.7882513661202185
CPIAUCSL,1,WPSID61,0.14696376044478265,0.08492988557982573,0.7692307692307693,0.7363387978142075
CPIAUCSL,1,CES1021000001,0.1541545884090532,0.05308024196454131,0.8717948717948718,0.7349726775956285
CPIAUCSL,1,PERMITMW,0.13636810826690807,0.20708005331781854,0.4358974358974359,0.7349726775956285
CPIAUCSL,1,BAA,0.1435538266813925,0.09726820768320232,0.7435897435897436,0.73224043715847
CPIAUCSL,1,ISRATIOx,0.11128240877154125,0.06863717037430517,0.8974358974358975,0.7254098360655737
CPIAUCSL,1,T10YFFM,0.39078630450454743,0.14626649117777513,0.07692307692307693,0.7185792349726775
CPIAUCSL,1,USFIRE,0.2051839141079187,0.04163420071787316,0.7692307692307693,0.7144808743169399
CPIAUCSL,1,GS5,0.21637834852661408,0.055900789337888224,0.5128205128205128,0.6967213114754097
CPIAUCSL,1,FEDFUNDS,0.15983735900735965,0.07275756895399432,0.5641025641025641,0.6926229508196721
CPIAUCSL,1,CONSPI,0.05084385696609143,0.08310514075295439,0.9487179487179487,0.6816939890710382
CPIAUCSL,1,CUSR0000SA0L2,0.20880194738270194,0.16757808452620626,0.05128205128205128,0.6762295081967213
CPIAUCSL,1,BAAFFM,0.3987217901959598,0.21473023038583694,0.0,0.6734972677595629
CPIAUCSL,1,AMDMUOx,0.2079624263068174,0.009469163722221285,0.8205128205128205,0.6693989071038251
CPIAUCSL,1,PERMITW,0.1643804818117186,0.10721397664224686,0.23076923076923078,0.6612021857923497
CPIAUCSL,1,T1YFFM,0.3141096288593338,0.07568027783854037,0.1282051282051282,0.6543715846994536
CPIAUCSL,1,TB6SMFFM,0.4196282965466136,0.12237699109649158,0.0,0.6325136612021858
CPIAUCSL,1,CPIULFSL,0.21882411166626026,0.1618533666169144,0.0,0.6270491803278688
CPIAUCSL,1,GS10,0.21476393488407122,0.069034372467903,0.1282051282051282,0.6243169398907104
CPIAUCSL,1,CUSR0000SAD,0.08700158515157412,0.05311945363252368,0.7692307692307693,0.6243169398907104
CPIAUCSL,1,CPIAPPSL,0.06536176104962145,0.07760862796858792,0.6923076923076923,0.621584699453552
CPIAUCSL,1,EXCAUSx,0.1366131124731071,0.032599347983673255,0.717948717948718,0.6202185792349727
CPIAUCSL,1,HOUSTNE,0.1471046398153227,0.0516617688629295,0.5128205128205128,0.6147540983606558
CPIAUCSL,1,VIXCLSx,0.08542807853950367,0.11451347907452503,0.28205128205128205,0.5942622950819673
CPIAUCSL,1,CUSR0000SAC,0.22250706599254955,0.032593313618794806,0.20512820512820512,0.5860655737704917
CPIAUCSL,1,WPSFD49207,0.15204921773099578,0.07353331322442713,0.1282051282051282,0.575136612021858
CPIAUCSL,1,CES3000000008,0.011896089082748019,0.08726310987789088,0.7692307692307693,0.5423497267759563
CPIAUCSL,1,PAYEMS,0.09496941565454192,0.060487736014959825,0.3076923076923077,0.5382513661202185
CPIAUCSL,1,WPSFD49502,0.1524342163554288,0.049309739839356936,0.1282051282051282,0.5314207650273224
CPIAUCSL,1,CP3Mx,0.12558919990720424,0.0990058237977891,0.02564102564102564,0.528688524590164
CPIAUCSL,1,HOUST,0.17693038461457444,0.08527916910334676,0.0,0.5286885245901639
CPIAUCSL,1,UEMP5TO14,0.017582884831397992,0.0540919497129293,0.8205128205128205,0.5245901639344263
CPIAUCSL,1,IPBUSEQ,0.10225688107367482,0.045828352901539304,0.3333333333333333,0.5204918032786886
CPIAUCSL,1,SRVPRD,0.10540217903843392,0.10923365776780036,0.02564102564102564,0.5177595628415301
CPIAUCSL,1,GS1,0.1639893138050561,0.06215853548773387,0.02564102564102564,0.5177595628415301
CPIAUCSL,1,CES2000000008,0.06076461714178333,0.013269209369441093,0.7948717948717948,0.51775956284153
CPIAUCSL,1,CPIMEDSL,0.018306841735512676,0.130373574238972,0.38461538461538464,0.5122950819672131
CPIAUCSL,1,USTPU,0.12306031042796825,0.0850875283007948,0.02564102564102564,0.5095628415300547
CPIAUCSL,1,NDMANEMP,0.07804182881794082,0.03035415900585159,0.5384615384615384,0.5081967213114754
CPIAUCSL,1,TB6MS,0.1564371134630861,0.04072700919877503,0.10256410256410256,0.5081967213114754
CPIAUCSL,1,UEMPLT5,0.046071793172907105,0.042440556404314655,0.5641025641025641,0.5068306010928962
CPIAUCSL,1,PERMITS,0.013395766719339494,0.15086945808983154,0.358974358974359,0.505464480874317
CPIAUCSL,1,TB3MS,0.14814966853466163,0.06431017941345907,0.02564102564102564,0.5013661202185792
CPIAUCSL,1,EXJPUSx,0.06311332018510055,0.010826859387648824,0.7435897435897436,0.49453551912568305
CPIAUCSL,1,USGOVT,0.019791609197502023,0.02864999081413888,0.8205128205128205,0.4781420765027322
CPIAUCSL,1,DNDGRG3M086SBEA,0.20936445699250605,0.025525903557386265,0.02564102564102564,0.47131147540983614
CPIAUCSL,1,RETAILx,0.17464168267455937,0.008783557932794395,0.1282051282051282,0.4685792349726776
CPIAUCSL,1,PERMIT,0.10840729168819208,0.09782015826500912,0.0,0.4658469945355192
CPIAUCSL,1,EXSZUSx,0.05801372461805057,0.0,0.8461538461538461,0.46174863387978143
CPIAUCSL,1,DDURRG3M086SBEA,0.044856156250246686,0.01910104408570934,0.5641025641025641,0.4549180327868852
CPIAUCSL,1,IPNMAT,0.006240445294282633,0.03599510644212156,0.8205128205128205,0.453551912568306
CPIAUCSL,1,IPB51222S,0.05059764504286882,0.006436858652101307,0.6923076923076923,0.4521857923497268
CPIAUCSL,1,W875RX1,0.06441705726405612,0.035634365137819035,0.28205128205128205,0.44672131147540983
CPIAUCSL,1,HOUSTS,0.12129595375114774,0.06954576653370337,0.0,0.44125683060109294
CPIAUCSL,1,DMANEMP,0.07041681862318111,0.08036936139664874,0.02564102564102564,0.43852459016393447
CPIAUCSL,1,USTRADE,0.10037911107282203,0.05936537061329883,0.02564102564102564,0.4330601092896176
CPIAUCSL,1,AAA,0.1837548941241158,0.030630823273514185,0.0,0.4275956284153006
CPIAUCSL,1,USCONS,0.029105011390925934,0.0053427523436950786,0.7692307692307693,0.4193989071038251
CPIAUCSL,1,S&P 500,0.064160496382042,0.01483206396377268,0.3333333333333333,0.4193989071038251
CPIAUCSL,1,MANEMP,0.07682245877895554,0.05968090428640638,0.02564102564102564,0.4112021857923498
CPIAUCSL,1,TOTRESNS,0.10437751147315812,0.0,0.41025641025641024,0.4112021857923498
CPIAUCSL,1,M2SL,0.11809728864051347,0.0,0.358974358974359,0.407103825136612
CPIAUCSL,1,DTCTHFNM,0.01187853595593378,0.03990085651020703,0.5641025641025641,0.4030054644808743
CPIAUCSL,1,BUSLOANS,0.1027725297888613,0.0,0.38461538461538464,0.40027322404371585
CPIAUCSL,1,BOGMBASE,0.14736894529980124,0.0,0.1794871794871795,0.3961748633879781
CPIAUCSL,1,WPSID62,0.09402449399888524,0.0,0.38461538461538464,0.389344262295082
CPIAUCSL,1,CLF16OV,0.12185923980300699,0.006254635747565462,0.07692307692307693,0.3879781420765027
CPIAUCSL,1,PPICMM,0.039846050135989124,0.0,0.7692307692307693,0.3866120218579235
CPIAUCSL,1,RPI,0.059524754274562434,0.0,0.5641025641025641,0.383879781420765
CPIAUCSL,1,CUSR0000SAS,0.03857087334301793,0.11068108378393804,0.0,0.3756830601092896
CPIAUCSL,1,HWI,0.02609383858925563,0.01233302178365081,0.5128205128205128,0.3715846994535519
CPIAUCSL,1,CLAIMSx,0.11333895536881253,0.0,0.20512820512820512,0.37021857923497264
CPIAUCSL,1,S&P div yield,0.013079374795146584,0.00985220512816154,0.6923076923076923,0.37021857923497264
CPIAUCSL,1,USGOOD,0.07496943994713756,0.026915525934215978,0.05128205128205128,0.3674863387978142
CPIAUCSL,1,NONREVSL,0.045006829775340394,0.0026834274798210878,0.358974358974359,0.3633879781420765
CPIAUCSL,1,EXUSUKx,0.07925700199081756,0.014100788547070309,0.07692307692307693,0.3633879781420765
CPIAUCSL,1,DTCOLNVHFNM,0.04374594245330481,0.0,0.5641025641025641,0.35928961748633875
CPIAUCSL,1,DPCERA3M086SBEA,0.08420264086162153,0.0,0.3076923076923077,0.3551912568306011
CPIAUCSL,1,AMDMNOx,0.05416106619411297,0.0,0.48717948717948717,0.3538251366120218
CPIAUCSL,1,INVEST,0.0377442583367245,0.018480740725557165,0.28205128205128205,0.34836065573770486
CPIAUCSL,1,CMRMTSPLx,0.03237057528937265,0.0,0.6410256410256411,0.33879781420765026
CPIAUCSL,1,CES0600000008,0.04111022789962544,0.055798510823795056,0.02564102564102564,0.33743169398907097
CPIAUCSL,1,IPCONGD,0.015611407774024422,0.0,0.7435897435897436,0.32786885245901637
CPIAUCSL,1,IPFUELS,0.007649319857211076,0.025307580891747783,0.41025641025641024,0.3265027322404372
CPIAUCSL,1,PCEPI,0.18698458842972002,0.0,0.0,0.32103825136612024
CPIAUCSL,1,UMCSENTx,0.021664232628056324,0.004282619718464886,0.38461538461538464,0.31830601092896177
CPIAUCSL,1,IPMAT,0.021095729392633586,0.06156376964595944,0.02564102564102564,0.3128415300546448
CPIAUCSL,1,IPDCONGD,0.016989693530894173,0.0,0.5641025641025641,0.296448087431694
CPIAUCSL,1,REALLN,0.04212427609038582,0.0,0.3076923076923077,0.28688524590163933
CPIAUCSL,1,CE16OV,0.08712961201669468,0.0,0.05128205128205128,0.2855191256830601
CPIAUCSL,1,DSERRG3M086SBEA,0.043231683599969026,0.0,0.28205128205128205,0.2827868852459016
CPIAUCSL,1,UNRATE,0.04158905559741032,0.026660398953085807,0.02564102564102564,0.28005464480874315
CPIAUCSL,1,AWOTMAN,0.015316029332781743,0.01688884434311122,0.1282051282051282,0.2636612021857923
CPIAUCSL,1,UEMP15T26,0.04255677930190768,0.0,0.1794871794871795,0.26229508196721313
CPIAUCSL,1,UEMP27OV,0.007954092716600079,0.04076169656715756,0.05128205128205128,0.2581967213114754
CPIAUCSL,1,IPNCONGD,0.03234510934544001,0.0002792043304058467,0.1282051282051282,0.25546448087431695
CPIAUCSL,1,IPDMAT,0.03681400900497006,0.0022678252491821205,0.07692307692307693,0.24590163934426232
CPIAUCSL,1,M1SL,0.015186157276597466,0.016926443224135834,0.07692307692307693,0.2431693989071038
CPIAUCSL,1,HWIURATIO,0.03257646825365366,0.03350111164507563,0.0,0.24180327868852458
CPIAUCSL,1,IPFINAL,0.06391097036205359,0.0,0.02564102564102564,0.22814207650273224
CPIAUCSL,1,UEMPMEAN,0.024416874948694278,0.0,0.15384615384615385,0.21584699453551912
CPIAUCSL,1,UEMP15OV,0.025412574424270046,0.0,0.1282051282051282,0.20628415300546446
CPIAUCSL,1,IPFPNSS,0.06215301267428195,0.0,0.0,0.18442622950819673
CPIAUCSL,1,S&P PE ratio,0.00808064153256658,0.0,0.1794871794871795,0.18032786885245902
CPIAUCSL,1,INDPRO,0.04474478959737738,0.0,0.0,0.15710382513661203
CPIAUCSL,1,IPMANSICS,0.04094732112467676,0.0,0.0,0.13797814207650275
CPIAUCSL,1,NONBORRES,0.008515011437072154,0.0,0.02564102564102564,0.10792349726775959
CPIAUCSL,1,CUMFNS,0.006904943010434023,0.0,0.0,0.058743169398907114
CPIAUCSL,3,T5YFFM,0.4229841099934004,0.19328290680172922,0.8974358974358975,0.9685792349726775
CPIAUCSL,3,TB3SMFFM,0.48239035239190325,0.18281520728976108,0.717948717948718,0.9508196721311476
CPIAUCSL,3,COMPAPFFx,0.3904734264520029,0.11568607794191132,0.9230769230769231,0.9371584699453552
CPIAUCSL,3,BUSINVx,0.3985036903199061,0.11690215386016733,0.8717948717948718,0.9330601092896175
CPIAUCSL,3,AWHMAN,0.34452672123365924,0.1454334880181105,0.8205128205128205,0.9316939890710382
CPIAUCSL,3,AAAFFM,0.4853616055456302,0.26351915944479654,0.41025641025641024,0.9234972677595629
CPIAUCSL,3,M2REAL,0.24425277281197602,0.11533400887386502,0.9487179487179487,0.9207650273224043
CPIAUCSL,3,AMDMUOx,0.27113030415410116,0.1114723082023592,0.8717948717948718,0.9057377049180327
CPIAUCSL,3,CES0600000007,0.3279216363846798,0.11217406173148836,0.8205128205128205,0.8989071038251367
CPIAUCSL,3,HOUSTMW,0.24994606101754957,0.10066602367231114,0.8461538461538461,0.8920765027322405
CPIAUCSL,3,USWTRADE,0.21450318751352593,0.09908628648533213,0.8974358974358975,0.8866120218579235
CPIAUCSL,3,PERMITW,0.20418269190291538,0.10485649555545162,0.6410256410256411,0.8524590163934427
CPIAUCSL,3,USFIRE,0.2247243100467209,0.09230021780367759,0.6923076923076923,0.8497267759562841
CPIAUCSL,3,BAA,0.1810577703190027,0.08931626819521243,0.717948717948718,0.8278688524590163
CPIAUCSL,3,OILPRICEx,0.10307174544530529,0.11532922164140746,0.717948717948718,0.819672131147541
CPIAUCSL,3,PERMITMW,0.17180552995002416,0.12695769737899631,0.41025641025641024,0.8196721311475409
CPIAUCSL,3,T1YFFM,0.34798061562696186,0.15016402597349376,0.23076923076923078,0.8101092896174863
CPIAUCSL,3,PERMITNE,0.1455079194636664,0.09781525580613293,0.6666666666666666,0.8087431693989071
CPIAUCSL,3,CPIULFSL,0.09930018970779177,0.12922909268630223,0.38461538461538464,0.7800546448087431
CPIAUCSL,3,GS5,0.20361638773528526,0.07454784500840184,0.3333333333333333,0.7472677595628415
CPIAUCSL,3,CONSPI,0.07953821032393253,0.06874686129528085,0.8461538461538461,0.7418032786885247
CPIAUCSL,3,TB3MS,0.17187100534676403,0.051852788805498484,0.5897435897435898,0.7377049180327869
CPIAUCSL,3,HOUSTNE,0.17263676830103,0.06846016453823855,0.38461538461538464,0.7363387978142075
CPIAUCSL,3,CES1021000001,0.14046256202655624,0.06769030434881884,0.38461538461538464,0.7144808743169399
CPIAUCSL,3,BAAFFM,0.44483495704349263,0.20922695271782077,0.02564102564102564,0.7131147540983607
CPIAUCSL,3,FEDFUNDS,0.18636719626386866,0.07989953832704622,0.23076923076923078,0.6980874316939891
CPIAUCSL,3,HOUSTW,0.2068428394701115,0.056348148370448214,0.2564102564102564,0.6857923497267758
CPIAUCSL,3,TB6SMFFM,0.46444733476876165,0.21835047746623593,0.0,0.680327868852459
CPIAUCSL,3,GS1,0.17890896403198228,0.11905552580372358,0.07692307692307693,0.6775956284153005
CPIAUCSL,3,T10YFFM,0.44378114093755394,0.2420841695525935,0.0,0.6775956284153005
CPIAUCSL,3,IPBUSEQ,0.11877112951221526,0.03378189059379988,0.5897435897435898,0.6721311475409836
CPIAUCSL,3,CUSR0000SA0L2,0.08809166692947566,0.09995113625589225,0.20512820512820512,0.657103825136612
CPIAUCSL,3,CUSR0000SAS,0.0578773986357408,0.09569590722534072,0.3076923076923077,0.6475409836065573
CPIAUCSL,3,CP3Mx,0.15354506724666536,0.12000603968030532,0.05128205128205128,0.6379781420765027
CPIAUCSL,3,TOTRESNS,0.08467093785530447,0.04739404860181917,0.38461538461538464,0.6297814207650273
CPIAUCSL,3,EXSZUSx,0.03653224872017225,0.08423638875028239,0.46153846153846156,0.6297814207650273
CPIAUCSL,3,GS10,0.196723046947571,0.05062543785278928,0.1282051282051282,0.6202185792349727
CPIAUCSL,3,CPIAUCSL,0.09722926225303873,0.0660991193262368,0.1282051282051282,0.6010928961748635
CPIAUCSL,3,EXJPUSx,0.04295236723893247,0.05700703504730997,0.4358974358974359,0.6010928961748633
CPIAUCSL,3,CUSR0000SA0L5,0.09948545598827893,0.11787766651252474,0.02564102564102564,0.5901639344262294
CPIAUCSL,3,HOUST,0.22439552357316742,0.09626287798300748,0.0,0.5819672131147541
CPIAUCSL,3,PERMIT,0.14056742716595425,0.14110920187925258,0.0,0.5819672131147541
CPIAUCSL,3,TB6MS,0.17478861346325836,0.08663151753760534,0.02564102564102564,0.5792349726775955
CPIAUCSL,3,PERMITS,0.03137470532813036,0.07314584006780445,0.38461538461538464,0.5778688524590164
CPIAUCSL,3,NDMANEMP,0.06038145975998663,0.03371847547926077,0.38461538461538464,0.5669398907103825
CPIAUCSL,3,M2SL,0.0472930917219218,0.05607684636428267,0.3076923076923077,0.5546448087431693
CPIAUCSL,3,AMDMNOx,0.05528470831687888,0.03504274284999376,0.358974358974359,0.5437158469945355
CPIAUCSL,3,USTRADE,0.07126967062405726,0.06308652382506441,0.10256410256410256,0.5409836065573771
CPIAUCSL,3,AAA,0.18790388593921678,0.06340462625170984,0.0,0.5191256830601093
CPIAUCSL,3,EXCAUSx,0.09693318729498239,0.032267184542482674,0.1282051282051282,0.5191256830601093
CPIAUCSL,3,IPNMAT,0.05306211148741647,0.0278892626413203,0.358974358974359,0.5163934426229508
CPIAUCSL,3,USGOVT,0.020767400560632702,0.041418588163943504,0.5897435897435898,0.5136612021857924
CPIAUCSL,3,IPFUELS,0.02168614825776481,0.041907110390142055,0.5128205128205128,0.5109289617486339
CPIAUCSL,3,UMCSENTx,0.038236061392559646,0.08451606335294093,0.10256410256410256,0.5081967213114754
CPIAUCSL,3,ISRATIOx,0.056516853168729383,0.0,0.8205128205128205,0.505464480874317
CPIAUCSL,3,CLF16OV,0.1046356631224507,0.0065684406121473415,0.23076923076923078,0.5040983606557377
CPIAUCSL,3,DTCTHFNM,0.012315555032400264,0.05205889863297175,0.41025641025641024,0.5027322404371585
CPIAUCSL,3,BOGMBASE,0.041741793263051705,0.011736214813323986,0.46153846153846156,0.49863387978142076
CPIAUCSL,3,HWI,0.043863181280522356,0.03895574359599019,0.28205128205128205,0.4959016393442623
CPIAUCSL,3,CUSR0000SAC,0.08559760470835771,0.04333627371307269,0.07692307692307693,0.4890710382513661
CPIAUCSL,3,IPCONGD,0.007013412441162923,0.04612596565991556,0.5641025641025641,0.48087431693989074
CPIAUCSL,3,VIXCLSx,0.011165872365832738,0.06345843356607084,0.3076923076923077,0.4781420765027322
CPIAUCSL,3,RETAILx,0.12936531005166693,0.011735389833697152,0.10256410256410256,0.4754098360655738
CPIAUCSL,3,WPSFD49207,0.0804106634546575,0.014483226732759924,0.15384615384615385,0.4726775956284153
CPIAUCSL,3,USTPU,0.09684575800259002,0.03177538997067675,0.07692307692307693,0.4699453551912569
CPIAUCSL,3,MANEMP,0.06820588682830342,0.08725256824741967,0.0,0.46174863387978143
CPIAUCSL,3,WPSID61,0.08988022285758317,0.05957316514321809,0.0,0.453551912568306
CPIAUCSL,3,HOUSTS,0.16444218825680756,0.040869251671524776,0.0,0.4426229508196721
CPIAUCSL,3,CUSR0000SAD,0.02181241602607996,0.05072488871985881,0.23076923076923078,0.4412568306010929
CPIAUCSL,3,EXUSUKx,0.048960381060285996,0.035674578713905,0.10256410256410256,0.43169398907103823
CPIAUCSL,3,CLAIMSx,0.05082787780485932,0.0019021115724218163,0.3076923076923077,0.42622950819672134
CPIAUCSL,3,CE16OV,0.05395274804137977,0.022315128611035906,0.10256410256410256,0.42076502732240434
CPIAUCSL,3,WPSID62,0.05555955801885189,0.018738815146090104,0.10256410256410256,0.42076502732240434
CPIAUCSL,3,DMANEMP,0.06570279491880765,0.020369345728604493,0.07692307692307693,0.41803278688524587
CPIAUCSL,3,S&P div yield,0.054006416020145026,0.05291927839795063,0.02564102564102564,0.41803278688524587
CPIAUCSL,3,IPB51222S,0.023536487349136173,0.016317017412100565,0.3333333333333333,0.4166666666666667
CPIAUCSL,3,S&P PE ratio,0.06073125629885493,0.004903914291024325,0.15384615384615385,0.41530054644808745
CPIAUCSL,3,BUSLOANS,0.035663139232435165,0.0,0.4358974358974359,0.40437158469945356
CPIAUCSL,3,USGOOD,0.05584250123432027,0.05849430987539561,0.0,0.39890710382513656
CPIAUCSL,3,CMRMTSPLx,0.033276708571102424,0.010514300536467402,0.2564102564102564,0.39071038251366125
CPIAUCSL,3,DSERRG3M086SBEA,0.031038208131631943,0.009077266422329089,0.28205128205128205,0.38934426229508196
CPIAUCSL,3,DNDGRG3M086SBEA,0.08527437483850753,0.015289577769811658,0.02564102564102564,0.3825136612021858
CPIAUCSL,3,CPITRNSL,0.08808654391844607,0.00582301699423482,0.05128205128205128,0.37841530054644806
CPIAUCSL,3,WPSFD49502,0.07925685640807086,0.0,0.1282051282051282,0.3743169398907103
CPIAUCSL,3,SRVPRD,0.06871329931335907,0.012357199815026032,0.05128205128205128,0.3729508196721311
CPIAUCSL,3,W875RX1,0.025199629809368594,0.02357086948624909,0.1282051282051282,0.366120218579235
CPIAUCSL,3,PAYEMS,0.05975833729194515,0.037126512950555135,0.0,0.3551912568306011
CPIAUCSL,3,M1SL,0.0014634571646843077,0.04967621757115781,0.15384615384615385,0.3551912568306011
CPIAUCSL,3,REALLN,0.03733801359770923,0.0,0.28205128205128205,0.35109289617486333
CPIAUCSL,3,CPIMEDSL,0.013831347830051615,0.07012961480265378,0.02564102564102564,0.3497267759562841
CPIAUCSL,3,S&P 500,0.0054831380549156695,0.0011295484387048305,0.4358974358974359,0.3469945355191257
CPIAUCSL,3,CPIAPPSL,0.014868715492881454,0.0470479727966433,0.07692307692307693,0.3469945355191257
CPIAUCSL,3,UEMP5TO14,0.0225937619907199,0.007987850779757721,0.23076923076923078,0.342896174863388
CPIAUCSL,3,PCEPI,0.08374739370910304,0.013740796448641124,0.0,0.3333333333333333
CPIAUCSL,3,UEMP27OV,0.02531658440657442,0.031665870463630785,0.07692307692307693,0.3306010928961749
CPIAUCSL,3,UEMPMEAN,0.008788820500240038,0.005021203564369525,0.3076923076923077,0.3251366120218579
CPIAUCSL,3,DPCERA3M086SBEA,0.02578807973330245,0.0,0.28205128205128205,0.3183060109289617
CPIAUCSL,3,PPICMM,0.03274061502870416,0.0,0.23076923076923078,0.31010928961748635
CPIAUCSL,3,CES2000000008,0.02773998341194155,0.0,0.20512820512820512,0.29098360655737704
CPIAUCSL,3,IPFINAL,0.053656227144600464,0.0,0.07692307692307693,0.2896174863387978
CPIAUCSL,3,IPNCONGD,0.01893105013051909,0.0,0.2564102564102564,0.28415300546448086
CPIAUCSL,3,CES0600000008,0.010874105703700603,0.044947314693079665,0.02564102564102564,0.2759562841530055
CPIAUCSL,3,HWIURATIO,0.035588803591107124,0.0,0.10256410256410256,0.273224043715847
CPIAUCSL,3,RPI,0.0006923593972630495,0.0,0.358974358974359,0.26229508196721313
CPIAUCSL,3,UEMP15OV,0.012279786823163902,0.013390412053696732,0.07692307692307693,0.25956284153005466
CPIAUCSL,3,INVEST,0.03356286019485054,0.00437036800863666,0.02564102564102564,0.2377049180327869
CPIAUCSL,3,AWOTMAN,0.01001628300134805,0.005104429472225558,0.07692307692307693,0.22677595628415304
CPIAUCSL,3,NONREVSL,0.02648038631385967,0.0,0.07692307692307693,0.226775956284153
CPIAUCSL,3,IPMAT,0.03737616004226554,0.005064529794087225,0.0,0.22404371584699453
CPIAUCSL,3,NONBORRES,0.023708751889478897,0.0,0.07692307692307693,0.21584699453551914
CPIAUCSL,3,DTCOLNVHFNM,0.0020584382629459503,0.016936381837355352,0.05128205128205128,0.21448087431693988
CPIAUCSL,3,IPFPNSS,0.04955972086702147,0.0,0.0,0.19672131147540983
CPIAUCSL,3,CES3000000008,0.0054482689588363845,0.0035427456918131206,0.07692307692307693,0.1939890710382514
CPIAUCSL,3,INDPRO,0.0456557212534699,0.0,0.0,0.1885245901639344
CPIAUCSL,3,UNRATE,0.007319723349903697,0.01929723185964738,0.0,0.17759562841530052
CPIAUCSL,3,IPMANSICS,0.036982142160363246,0.0,0.0,0.16939890710382513
CPIAUCSL,3,DDURRG3M086SBEA,0.008360492986280945,0.0,0.07692307692307693,0.16939890710382513
CPIAUCSL,3,IPDMAT,0.01404769486762644,0.0,0.05128205128205128,0.1680327868852459
CPIAUCSL,3,IPDCONGD,0.012296779221010488,0.0,0.02564102564102564,0.13934426229508198
CPIAUCSL,3,UEMPLT5,0.006396605531129503,0.0,0.05128205128205128,0.13524590163934425
CPIAUCSL,3,UEMP15T26,0.005358812225997485,0.0,0.0,0.06830601092896176
CPIAUCSL,3,USCONS,0.0017806725706617482,0.0,0.0,0.06284153005464481
CPIAUCSL,3,CUMFNS,0.0011313409071951007,0.0,0.0,0.057377049180327856
CPIAUCSL,6,T5YFFM,0.44375656857046886,0.2907642933905552,0.9487179487179487,0.9740437158469945
CPIAUCSL,6,BUSINVx,0.42609940309258293,0.1926709426253983,1.0,0.953551912568306
CPIAUCSL,6,COMPAPFFx,0.3985668092803882,0.22422377225247692,0.9230769230769231,0.9453551912568307
CPIAUCSL,6,TB3SMFFM,0.5009015306703156,0.23907483872130886,0.6923076923076923,0.9453551912568305
CPIAUCSL,6,CES0600000007,0.36536447962097207,0.21208893838589393,0.8974358974358975,0.9289617486338798
CPIAUCSL,6,AWHMAN,0.3800877435269771,0.18339698307484031,0.8461538461538461,0.9153005464480874
CPIAUCSL,6,HOUSTMW,0.29284775984044276,0.14900654051479867,0.9487179487179487,0.905737704918033
CPIAUCSL,6,AAAFFM,0.5102538668243357,0.3829072907844413,0.4358974358974359,0.8825136612021858
CPIAUCSL,6,T1YFFM,0.3565699321586517,0.261473986719011,0.48717948717948717,0.8756830601092896
CPIAUCSL,6,AMDMUOx,0.2955438734771236,0.09905160743302854,0.9487179487179487,0.8756830601092895
CPIAUCSL,6,PERMITNE,0.15941895353581922,0.19644642952252056,0.717948717948718,0.8674863387978142
CPIAUCSL,6,PERMITMW,0.2126201571655077,0.17440495135369094,0.6153846153846154,0.860655737704918
CPIAUCSL,6,USWTRADE,0.22597139110544914,0.10483688458718454,0.9230769230769231,0.8551912568306012
CPIAUCSL,6,USFIRE,0.24924425307682693,0.09769565938645197,0.6410256410256411,0.8265027322404371
CPIAUCSL,6,M2REAL,0.22489247318873032,0.0654812978200976,0.9487179487179487,0.8101092896174865
CPIAUCSL,6,PERMITW,0.2355315195275724,0.12868343065847387,0.48717948717948717,0.8046448087431695
CPIAUCSL,6,BAA,0.1788894652980388,0.09114344738120428,0.6923076923076923,0.8005464480874317
CPIAUCSL,6,HOUSTW,0.24573106942099973,0.07887298825865141,0.6410256410256411,0.796448087431694
CPIAUCSL,6,TB3MS,0.1512699399724008,0.14534484434753203,0.5384615384615384,0.7950819672131147
CPIAUCSL,6,PERMITS,0.05130068891410784,0.21317259186844106,0.5384615384615384,0.7622950819672131
CPIAUCSL,6,GS10,0.1705110116620339,0.043843752834561656,0.9230769230769231,0.7540983606557378
CPIAUCSL,6,BAAFFM,0.4662676402337496,0.36116698316003415,0.07692307692307693,0.7226775956284154
CPIAUCSL,6,TB6SMFFM,0.47579146387889726,0.25949941491668893,0.05128205128205128,0.6912568306010929
CPIAUCSL,6,HOUSTNE,0.20166499185693576,0.18877353094658567,0.10256410256410256,0.6612021857923497
CPIAUCSL,6,T10YFFM,0.4637921524668774,0.286895170191233,0.0,0.657103825136612
CPIAUCSL,6,CUSR0000SAD,0.037022813148749174,0.09874891107624784,0.5641025641025641,0.657103825136612
CPIAUCSL,6,GS1,0.1519170767957854,0.1647624409960362,0.1794871794871795,0.6434426229508197
CPIAUCSL,6,CONSPI,0.06923654413282734,0.02536500625301974,0.717948717948718,0.6407103825136612
CPIAUCSL,6,HOUSTS,0.20663454442645277,0.16866438365444392,0.07692307692307693,0.6325136612021858
CPIAUCSL,6,GS5,0.16885261789894856,0.06570361994675622,0.28205128205128205,0.6256830601092896
CPIAUCSL,6,AAA,0.18130093977992318,0.03712448088072806,0.38461538461538464,0.6202185792349727
CPIAUCSL,6,CLF16OV,0.12259076021272568,0.05000186199827761,0.3333333333333333,0.6092896174863388
CPIAUCSL,6,OILPRICEx,0.04946224534036562,0.08877142486029976,0.41025641025641024,0.6051912568306012
CPIAUCSL,6,UMCSENTx,0.03916744324451762,0.09506334578315023,0.46153846153846156,0.6051912568306012
CPIAUCSL,6,CES1021000001,0.13035300554967838,0.10711154282728863,0.1794871794871795,0.6024590163934427
CPIAUCSL,6,NDMANEMP,0.06597635721594283,0.04043248843500846,0.46153846153846156,0.6024590163934426
CPIAUCSL,6,PERMIT,0.17105056727432832,0.18353917936109898,0.02564102564102564,0.5915300546448088
CPIAUCSL,6,HOUST,0.26965220412175045,0.11945455237219527,0.02564102564102564,0.5860655737704917
CPIAUCSL,6,CP3Mx,0.1407499882690017,0.13038478215732452,0.07692307692307693,0.5833333333333333
CPIAUCSL,6,AMDMNOx,0.06396000794886038,0.025999708781107245,0.48717948717948717,0.5806010928961749
CPIAUCSL,6,CPIULFSL,0.06009863019847153,0.11329639478166076,0.20512820512820512,0.5778688524590163
CPIAUCSL,6,USTPU,0.10893540084414416,0.06881127021035116,0.23076923076923078,0.5765027322404371
CPIAUCSL,6,DMANEMP,0.06936805540864323,0.09308231847330273,0.20512820512820512,0.5751366120218578
CPIAUCSL,6,EXJPUSx,0.017307850008737594,0.10254044132822848,0.48717948717948717,0.569672131147541
CPIAUCSL,6,ISRATIOx,0.03066552336014743,0.033774000370958124,0.6923076923076923,0.5601092896174863
CPIAUCSL,6,CPIAUCSL,0.05507136428596423,0.0882528046119786,0.2564102564102564,0.5573770491803279
CPIAUCSL,6,CUSR0000SA0L2,0.05050317273108581,0.04044603225496202,0.4358974358974359,0.5573770491803279
CPIAUCSL,6,IPBUSEQ,0.10300474207165053,0.0,0.5897435897435898,0.546448087431694
CPIAUCSL,6,VIXCLSx,0.020608663691417138,0.0899719991686787,0.46153846153846156,0.5423497267759562
CPIAUCSL,6,TB6MS,0.15001353425534797,0.15465178438523886,0.0,0.5396174863387978
CPIAUCSL,6,CUSR0000SA0L5,0.05730069143423518,0.11069385607869853,0.10256410256410256,0.5327868852459016
CPIAUCSL,6,BOGMBASE,0.049036285602737005,0.046806381138284614,0.3333333333333333,0.5273224043715847
CPIAUCSL,6,S&P div yield,0.06383739689388239,0.03708201858116622,0.28205128205128205,0.5136612021857924
CPIAUCSL,6,FEDFUNDS,0.15962497019679814,0.0778531368327009,0.05128205128205128,0.5136612021857924
CPIAUCSL,6,EXSZUSx,0.05590893398701058,0.0,0.5641025641025641,0.49863387978142076
CPIAUCSL,6,MANEMP,0.07221145147058765,0.12455341371682183,0.0,0.49590163934426235
CPIAUCSL,6,USTRADE,0.08051440557771153,0.042050141085669956,0.15384615384615385,0.4890710382513661
CPIAUCSL,6,EXCAUSx,0.05499259189617521,0.037460001023423395,0.2564102564102564,0.48360655737704916
CPIAUCSL,6,CUSR0000SAS,0.031001634763717468,0.14805938758485926,0.10256410256410256,0.48360655737704916
CPIAUCSL,6,S&P PE ratio,0.0953631193073017,0.028888956259228937,0.20512820512820512,0.48224043715846987
CPIAUCSL,6,SRVPRD,0.07524787913193175,0.05396048201248238,0.07692307692307693,0.4795081967213115
CPIAUCSL,6,CPIAPPSL,0.01366714619712832,0.06021427114512434,0.41025641025641024,0.46038251366120225
CPIAUCSL,6,CPITRNSL,0.04927222283721434,0.04884531981276652,0.1794871794871795,0.4576502732240438
CPIAUCSL,6,PCEPI,0.05013458152151938,0.0,0.48717948717948717,0.4521857923497268
CPIAUCSL,6,USGOVT,0.038466167532558805,0.0028126580683922597,0.48717948717948717,0.44945355191256836
CPIAUCSL,6,M2SL,0.026000793906116135,1.2615587787312421e-05,0.5384615384615384,0.4426229508196721
CPIAUCSL,6,CMRMTSPLx,0.02161915205524388,0.02577133885084404,0.46153846153846156,0.4412568306010929
CPIAUCSL,6,PAYEMS,0.0652999704384038,0.08185900676066282,0.0,0.4357923497267759
CPIAUCSL,6,IPNMAT,0.04176332899205194,0.0035009527121863115,0.4358974358974359,0.4344262295081967
CPIAUCSL,6,TOTRESNS,0.06327970198274746,0.0,0.358974358974359,0.42213114754098363
CPIAUCSL,6,WPSID61,0.04670394468001842,0.05777608810673085,0.07692307692307693,0.42213114754098363
CPIAUCSL,6,CPIMEDSL,0.014672017501811754,0.16974136840732745,0.07692307692307693,0.42213114754098363
CPIAUCSL,6,CES0600000008,0.004256182602045055,0.08326470018827381,0.3076923076923077,0.4166666666666667
CPIAUCSL,6,HWI,0.04461876039874218,0.0,0.46153846153846156,0.41393442622950816
CPIAUCSL,6,NONREVSL,0.009929663788050267,0.039872264288790316,0.41025641025641024,0.4112021857923498
CPIAUCSL,6,WPSFD49207,0.040610415056286105,0.08202956280281049,0.05128205128205128,0.40710382513661214
CPIAUCSL,6,CE16OV,0.062475692761525946,0.014091054386947466,0.1794871794871795,0.4057377049180328
CPIAUCSL,6,IPB51222S,0.029879317439080667,0.0,0.48717948717948717,0.3948087431693989
CPIAUCSL,6,USGOOD,0.059227699309363474,0.05450726114796067,0.0,0.3948087431693989
CPIAUCSL,6,PPICMM,0.023612222342696387,0.0,0.5128205128205128,0.39207650273224043
CPIAUCSL,6,RETAILx,0.11790599543407156,0.018965468777813133,0.05128205128205128,0.39071038251366125
CPIAUCSL,6,EXUSUKx,0.03443352314852146,0.023128309235789235,0.2564102564102564,0.3879781420765028
CPIAUCSL,6,IPCONGD,0.011793746165907665,0.03148671906707756,0.38461538461538464,0.3879781420765027
CPIAUCSL,6,UEMP5TO14,0.014360133874439419,0.01212507990534295,0.46153846153846156,0.3866120218579234
CPIAUCSL,6,IPNCONGD,0.02067305731893979,0.0,0.5128205128205128,0.3784153005464481
CPIAUCSL,6,IPFUELS,0.01641471555598029,0.0,0.5384615384615384,0.3715846994535519
CPIAUCSL,6,CLAIMSx,0.029754391758208928,0.040728151294052495,0.10256410256410256,0.366120218579235
CPIAUCSL,6,M1SL,0.0024779140338152916,0.045724056323873,0.3076923076923077,0.3620218579234973
CPIAUCSL,6,W875RX1,0.022351431201386645,0.0093422955183744,0.3076923076923077,0.35928961748633875
CPIAUCSL,6,IPFINAL,0.04452390415587179,0.0,0.3076923076923077,0.35655737704918034
CPIAUCSL,6,UEMP15OV,0.009722795155621073,0.03679731729585578,0.28205128205128205,0.34972677595628415
CPIAUCSL,6,AWOTMAN,0.008283291510438166,0.03911325869060445,0.28205128205128205,0.3497267759562841
CPIAUCSL,6,WPSFD49502,0.03928186048356387,0.012139850878444935,0.1794871794871795,0.34562841530054644
CPIAUCSL,6,CES3000000008,0.002418661105451341,0.047426726150952,0.2564102564102564,0.33879781420765026
CPIAUCSL,6,RPI,0.011680770018862951,0.0,0.48717948717948717,0.3265027322404372
CPIAUCSL,6,DSERRG3M086SBEA,0.02369844838412679,0.0,0.358974358974359,0.3237704918032787
CPIAUCSL,6,HWIURATIO,0.03607768608761029,0.015050120486489238,0.10256410256410256,0.3224043715846994
CPIAUCSL,6,BUSLOANS,0.002341593985231576,0.0,0.5384615384615384,0.3087431693989071
CPIAUCSL,6,S&P 500,0.020470496526353923,0.0,0.38461538461538464,0.3087431693989071
CPIAUCSL,6,DNDGRG3M086SBEA,0.04535391881584137,0.029379595109354284,0.0,0.3046448087431694
CPIAUCSL,6,CUSR0000SAC,0.04750503189871891,0.011172760704310392,0.05128205128205128,0.3005464480874317
CPIAUCSL,6,IPFPNSS,0.042432063952297046,0.029102326278723112,0.0,0.2937158469945355
CPIAUCSL,6,IPMANSICS,0.022571247959509204,0.023698223404946983,0.07692307692307693,0.2827868852459016
CPIAUCSL,6,UEMPMEAN,0.0033732016776881982,0.0037749359029382035,0.3333333333333333,0.27868852459016397
CPIAUCSL,6,IPMAT,0.009003127714575215,0.0,0.41025641025641024,0.27459016393442626
CPIAUCSL,6,REALLN,0.0203304504760741,0.0,0.28205128205128205,0.27049180327868855
CPIAUCSL,6,INVEST,0.021744614009859182,0.0,0.2564102564102564,0.27049180327868855
CPIAUCSL,6,WPSID62,0.03560703321589153,0.008912991705536832,0.05128205128205128,0.2568306010928962
CPIAUCSL,6,CUMFNS,0.014762276066551835,0.006393355211929741,0.1794871794871795,0.2527322404371585
CPIAUCSL,6,UNRATE,0.008354114034588217,0.01897891447510558,0.1794871794871795,0.2527322404371585
CPIAUCSL,6,DTCTHFNM,0.0028653441453221377,0.007834642255239999,0.23076923076923078,0.23224043715846998
CPIAUCSL,6,DDURRG3M086SBEA,0.017568623919668937,0.027822701093647595,0.02564102564102564,0.23087431693989072
CPIAUCSL,6,UEMP27OV,0.013995599188673418,0.0,0.23076923076923078,0.22404371584699453
CPIAUCSL,6,IPDCONGD,0.02379977757084768,0.009227085090202092,0.02564102564102564,0.21994535519125682
CPIAUCSL,6,UEMP15T26,0.00028859797127489496,0.06581612442959361,0.0,0.21448087431693988
CPIAUCSL,6,DPCERA3M086SBEA,0.012706543112302788,0.015002792594467351,0.05128205128205128,0.20218579234972678
CPIAUCSL,6,NONBORRES,0.007208608592948283,0.0,0.23076923076923078,0.19398907103825136
CPIAUCSL,6,INDPRO,0.026799743752045968,0.0,0.05128205128205128,0.18579234972677597
CPIAUCSL,6,IPDMAT,0.0071518952189507014,0.0,0.20512820512820512,0.17896174863387979
CPIAUCSL,6,CES2000000008,0.00963346272630848,0.0,0.1794871794871795,0.1762295081967213
CPIAUCSL,6,UEMPLT5,0.0015569129106400442,0.0,0.23076923076923078,0.16939890710382513
CPIAUCSL,6,USCONS,0.005542426978003917,0.0035336761915489845,0.05128205128205128,0.14207650273224046
CPIAUCSL,6,DTCOLNVHFNM,0.0008715762651980581,0.0031197376329861193,0.07692307692307693,0.13797814207650272
CPIAUCSL,12,AAAFFM,0.5015232089637696,0.502734572258797,0.5384615384615384,0.9754098360655737
CPIAUCSL,12,CES0600000007,0.38324455773388105,0.3075014373899325,0.9487179487179487,0.9603825136612022
CPIAUCSL,12,TB3SMFFM,0.473256275924447,0.28523073291700385,0.7435897435897436,0.9603825136612022
CPIAUCSL,12,T5YFFM,0.4201383791708149,0.36430517501871096,0.6153846153846154,0.953551912568306
CPIAUCSL,12,BUSINVx,0.4132794352463614,0.17532912735714223,0.9487179487179487,0.9330601092896176
CPIAUCSL,12,COMPAPFFx,0.36538687766877365,0.23192770296119614,0.8717948717948718,0.9330601092896175
CPIAUCSL,12,HOUSTMW,0.36078509285747956,0.22647242579162397,0.8717948717948718,0.9248633879781422
CPIAUCSL,12,PERMITMW,0.28191571584162806,0.2582783025698423,0.4358974358974359,0.8961748633879781
CPIAUCSL,12,AMDMUOx,0.3250650653490613,0.1573529406896239,0.7435897435897436,0.8811475409836066
CPIAUCSL,12,USWTRADE,0.24080213585385513,0.16491531604640208,0.8461538461538461,0.8743169398907105
CPIAUCSL,12,PERMITNE,0.22318438825916453,0.24506085887109252,0.4358974358974359,0.8743169398907105
CPIAUCSL,12,USFIRE,0.2767543876661478,0.16117493535885208,0.5128205128205128,0.8633879781420766
CPIAUCSL,12,T1YFFM,0.3105388171707014,0.2503197902293852,0.38461538461538464,0.8579234972677595
CPIAUCSL,12,AWHMAN,0.38739008550986254,0.37963893794593995,0.3333333333333333,0.8346994535519127
CPIAUCSL,12,PERMITW,0.2850664121714533,0.18624933816842715,0.38461538461538464,0.8333333333333334
CPIAUCSL,12,M2REAL,0.20617553377549322,0.10070596983844426,0.8974358974358975,0.8196721311475409
CPIAUCSL,12,PERMITS,0.08077799888949871,0.2681483918124097,0.41025641025641024,0.8114754098360656
CPIAUCSL,12,BAAFFM,0.4616247375284327,0.4824685912306257,0.1282051282051282,0.7322404371584699
CPIAUCSL,12,HOUSTNE,0.2690845634624614,0.16830001292958174,0.2564102564102564,0.7131147540983607
CPIAUCSL,12,CONSPI,0.06208494590207377,0.08633813137451529,0.46153846153846156,0.7131147540983607
CPIAUCSL,12,USTRADE,0.09311497421122726,0.10133004523406175,0.38461538461538464,0.7049180327868854
CPIAUCSL,12,T10YFFM,0.44617299194508236,0.38051967430446254,0.02564102564102564,0.6734972677595629
CPIAUCSL,12,EXSZUSx,0.05362674692025025,0.07527667149371853,0.41025641025641024,0.6721311475409836
CPIAUCSL,12,GS10,0.15446103922695656,0.06416417105722427,0.358974358974359,0.6666666666666666
CPIAUCSL,12,AAA,0.16712828051900425,0.061906323508416516,0.358974358974359,0.6666666666666666
CPIAUCSL,12,CUSR0000SA0L2,0.0452420375708067,0.11483096603481302,0.38461538461538464,0.6584699453551913
CPIAUCSL,12,TB6SMFFM,0.43343167731208593,0.3330671182396139,0.0,0.6489071038251366
CPIAUCSL,12,NDMANEMP,0.07270729986462968,0.14545945779683933,0.3076923076923077,0.6434426229508197
CPIAUCSL,12,HOUSTW,0.2921222475024602,0.1630525698005756,0.1282051282051282,0.6420765027322405
CPIAUCSL,12,GS1,0.1409242740460735,0.1255812977161468,0.23076923076923078,0.6407103825136612
CPIAUCSL,12,TB3MS,0.14413241145268132,0.15609996023687867,0.20512820512820512,0.6366120218579235
CPIAUCSL,12,HOUST,0.33250736498991734,0.22712719198162024,0.05128205128205128,0.6311475409836066
CPIAUCSL,12,HOUSTS,0.2551669936808518,0.22120672622107707,0.10256410256410256,0.6297814207650273
CPIAUCSL,12,FEDFUNDS,0.14977950263961445,0.1199404397278312,0.20512820512820512,0.6202185792349727
CPIAUCSL,12,BAA,0.17444471863311578,0.049707965875075644,0.3333333333333333,0.6161202185792349
CPIAUCSL,12,OILPRICEx,0.03785593948155109,0.1217636680701073,0.358974358974359,0.6147540983606558
CPIAUCSL,12,CPIAUCSL,0.04869430940296899,0.09642798292997945,0.358974358974359,0.6065573770491804
CPIAUCSL,12,VIXCLSx,0.023431246117415823,0.1239312838640072,0.38461538461538464,0.6065573770491803
CPIAUCSL,12,S&P div yield,0.054338930867532886,0.06420942475232039,0.358974358974359,0.5956284153005466
CPIAUCSL,12,PERMIT,0.22688148575910666,0.2157609185956164,0.05128205128205128,0.5956284153005464
CPIAUCSL,12,CP3Mx,0.13434968382294016,0.15974683295921732,0.1282051282051282,0.587431693989071
CPIAUCSL,12,CLF16OV,0.1318514204687042,0.0526373314697115,0.28205128205128205,0.5710382513661202
CPIAUCSL,12,SRVPRD,0.08524502323175721,0.10585646968433293,0.20512820512820512,0.5683060109289618
CPIAUCSL,12,CPIULFSL,0.05252026433008415,0.12180633705427768,0.23076923076923078,0.5669398907103825
CPIAUCSL,12,IPFUELS,0.023898428803349657,0.05637420678916394,0.41025641025641024,0.5573770491803279
CPIAUCSL,12,MANEMP,0.08997962039189802,0.10904731586225447,0.1794871794871795,0.5573770491803278
CPIAUCSL,12,UMCSENTx,0.042058409881487395,0.03538693864014952,0.38461538461538464,0.5355191256830601
CPIAUCSL,12,TB6MS,0.14400200219396903,0.11183509850556739,0.07692307692307693,0.5300546448087432
CPIAUCSL,12,IPNMAT,0.05115943565313875,0.000196708486436048,0.4358974358974359,0.5273224043715846
CPIAUCSL,12,S&P PE ratio,0.10221041125525411,0.059714666497617586,0.20512820512820512,0.5245901639344263
CPIAUCSL,12,CPIMEDSL,0.012712778451653797,0.14709032669518374,0.3333333333333333,0.5204918032786886
CPIAUCSL,12,GS5,0.1502660716664443,0.0651217799858892,0.10256410256410256,0.5095628415300547
CPIAUCSL,12,ISRATIOx,0.02930497456496563,0.03568479084830001,0.38461538461538464,0.5081967213114754
CPIAUCSL,12,EXUSUKx,0.0312555338918029,0.07421229161821374,0.3076923076923077,0.5068306010928961
CPIAUCSL,12,USGOVT,0.0640048256204351,0.037302839496074824,0.28205128205128205,0.4972677595628416
CPIAUCSL,12,CES1021000001,0.12497103060539955,0.09072165031191126,0.07692307692307693,0.49726775956284147
CPIAUCSL,12,NONREVSL,0.007105856217820948,0.06438330125080327,0.38461538461538464,0.4945355191256831
CPIAUCSL,12,CUSR0000SA0L5,0.049354615259829274,0.10761040388560739,0.15384615384615385,0.4931693989071038
CPIAUCSL,12,CUSR0000SAS,0.027295032597803356,0.1743514821518568,0.15384615384615385,0.4877049180327868
CPIAUCSL,12,AMDMNOx,0.06545913328578239,0.0,0.38461538461538464,0.48224043715847004
CPIAUCSL,12,EXCAUSx,0.05646241923313392,0.02769013476230331,0.3076923076923077,0.476775956284153
CPIAUCSL,12,CPITRNSL,0.04431594600260836,0.060374524245013994,0.23076923076923078,0.476775956284153
CPIAUCSL,12,RETAILx,0.1174194032284195,0.03812846063204889,0.15384615384615385,0.46038251366120214
CPIAUCSL,12,PAYEMS,0.07779435473260114,0.078815631727021,0.07692307692307693,0.45901639344262296
CPIAUCSL,12,DMANEMP,0.09025607320694837,0.10446958583041965,0.0,0.4576502732240437
CPIAUCSL,12,USTPU,0.12270966208734926,0.04296965340879666,0.1282051282051282,0.45628415300546443
CPIAUCSL,12,CPIAPPSL,0.015769893998052016,0.034943766123578524,0.38461538461538464,0.453551912568306
CPIAUCSL,12,CUSR0000SAD,0.025922540113311753,0.05908806242231712,0.28205128205128205,0.4480874316939891
CPIAUCSL,12,CE16OV,0.0688104479973703,0.061221178342565796,0.10256410256410256,0.4412568306010929
CPIAUCSL,12,WPSID61,0.03550382760795231,0.013808205126003337,0.358974358974359,0.43715846994535523
CPIAUCSL,12,IPBUSEQ,0.1070905505902227,0.005649938642442454,0.23076923076923078,0.43579234972677594
CPIAUCSL,12,IPB51222S,0.016948376823424476,0.017101611992966337,0.38461538461538464,0.43169398907103823
CPIAUCSL,12,M2SL,0.02808278686327236,0.0,0.41025641025641024,0.430327868852459
CPIAUCSL,12,DSERRG3M086SBEA,0.02354798138639693,0.008680702106962368,0.38461538461538464,0.42896174863387976
CPIAUCSL,12,IPNCONGD,0.028580615853128318,0.013280350800634277,0.358974358974359,0.4234972677595629
CPIAUCSL,12,UEMPMEAN,0.019053352980122,0.05949409956613616,0.28205128205128205,0.4234972677595628
CPIAUCSL,12,IPFINAL,0.051707760448918325,0.016150306632641165,0.2564102564102564,0.41803278688524587
CPIAUCSL,12,PPICMM,0.010154232910203882,0.02937357729114831,0.38461538461538464,0.41803278688524587
CPIAUCSL,12,IPCONGD,0.006748423954821256,0.009308283752893498,0.41025641025641024,0.40163934426229514
CPIAUCSL,12,CES0600000008,0.00574400168566182,0.08003941780170054,0.2564102564102564,0.3961748633879781
CPIAUCSL,12,UEMP27OV,0.0027699182725516567,0.07139153527129904,0.3076923076923077,0.39207650273224043
CPIAUCSL,12,BOGMBASE,0.025695051177655696,0.0015920568465701557,0.358974358974359,0.39071038251366125
CPIAUCSL,12,EXJPUSx,0.003517643395884118,0.04735961623583673,0.358974358974359,0.39071038251366125
CPIAUCSL,12,CMRMTSPLx,0.024440801828518426,0.0,0.38461538461538464,0.389344262295082
CPIAUCSL,12,USGOOD,0.07628149582851415,0.021725604441348967,0.1282051282051282,0.3852459016393442
CPIAUCSL,12,HWI,0.0569061191846053,0.0,0.28205128205128205,0.383879781420765
CPIAUCSL,12,S&P 500,0.013060849545446533,0.030377568981512226,0.3333333333333333,0.38114754098360654
CPIAUCSL,12,BUSLOANS,0.005397496629805123,0.0,0.41025641025641024,0.34562841530054644
CPIAUCSL,12,W875RX1,0.004621649472308088,0.0,0.41025641025641024,0.34016393442622955
CPIAUCSL,12,HWIURATIO,0.037827033944273704,0.035929925162792475,0.10256410256410256,0.33469945355191255
CPIAUCSL,12,INVEST,0.010685716421725059,0.0,0.38461538461538464,0.33469945355191255
CPIAUCSL,12,WPSFD49207,0.03562778327063635,0.05082792800517533,0.05128205128205128,0.3224043715846994
CPIAUCSL,12,DPCERA3M086SBEA,0.01540733817723545,0.006326594988200096,0.3076923076923077,0.32103825136612024
CPIAUCSL,12,CLAIMSx,0.02249995123088347,0.04474118161575413,0.1282051282051282,0.319672131147541
CPIAUCSL,12,CES3000000008,0.0003319482158446984,0.08445546374720303,0.1794871794871795,0.31147540983606553
CPIAUCSL,12,CUSR0000SAC,0.04201437194634498,0.019631583148912224,0.10256410256410256,0.3046448087431694
CPIAUCSL,12,IPMANSICS,0.036064344837622726,0.042337272388881075,0.02564102564102564,0.30191256830601093
CPIAUCSL,12,UNRATE,0.011264446857918322,0.0,0.358974358974359,0.30191256830601093
CPIAUCSL,12,NONBORRES,0.0037461777214073118,0.013056499299353597,0.3333333333333333,0.29918032786885246
CPIAUCSL,12,M1SL,0.006753935412116047,0.05235112915372575,0.15384615384615385,0.296448087431694
CPIAUCSL,12,PCEPI,0.04832205762881701,0.0,0.1794871794871795,0.2937158469945355
CPIAUCSL,12,USCONS,0.021987635433210622,0.051817631333921366,0.07692307692307693,0.2923497267759563
CPIAUCSL,12,RPI,0.006092534716187931,0.0,0.358974358974359,0.28551912568306015
CPIAUCSL,12,IPMAT,0.016566206067405623,0.0,0.3076923076923077,0.2841530054644809
CPIAUCSL,12,AWOTMAN,0.01155616427644241,0.021385532297758747,0.20512820512820512,0.2786885245901639
CPIAUCSL,12,DDURRG3M086SBEA,0.01663154819008656,0.03872759015307503,0.10256410256410256,0.27732240437158473
CPIAUCSL,12,UEMP5TO14,0.0022295859547886475,0.0314567835499906,0.20512820512820512,0.25136612021857924
CPIAUCSL,12,REALLN,0.014681928980635058,0.0,0.2564102564102564,0.24726775956284153
CPIAUCSL,12,CUMFNS,0.001458822031480317,0.029493367915007784,0.20512820512820512,0.24043715846994537
CPIAUCSL,12,WPSID62,0.02199311722575247,0.02731923078632814,0.07692307692307693,0.24043715846994537
CPIAUCSL,12,INDPRO,0.036976405189633806,0.015646073416309747,0.0,0.2390710382513661
CPIAUCSL,12,WPSFD49502,0.033900187427717395,0.012107167121309548,0.02564102564102564,0.22814207650273224
CPIAUCSL,12,UEMPLT5,0.0008277094672394939,0.0,0.3333333333333333,0.22404371584699456
CPIAUCSL,12,DTCOLNVHFNM,0.0027316862592397535,0.02852885831353813,0.1794871794871795,0.22404371584699456
CPIAUCSL,12,DNDGRG3M086SBEA,0.0421647624602369,0.0010773587492316494,0.0,0.22267759562841527
CPIAUCSL,12,IPFPNSS,0.052976625260329105,0.0,0.0,0.21584699453551914
CPIAUCSL,12,CES2000000008,0.011782852429263363,0.0,0.20512820512820512,0.20901639344262293
CPIAUCSL,12,UEMP15OV,0.0028246646381234453,0.0,0.2564102564102564,0.19535519125683057
CPIAUCSL,12,IPDMAT,0.003925083874034186,0.00501446212639145,0.1794871794871795,0.1912568306010929
CPIAUCSL,12,IPDCONGD,0.020916534028799585,0.0,0.1282051282051282,0.18989071038251368
CPIAUCSL,12,TOTRESNS,0.036742251345989775,0.0,0.02564102564102564,0.18852459016393444
CPIAUCSL,12,DTCTHFNM,0.0020766459827142175,0.0,0.20512820512820512,0.15437158469945356
CPIAUCSL,12,UEMP15T26,0.004838749285430209,0.0,0.0,0.06557377049180328
S&P 500,1,S&P 500,0.22549858830649383,0.09478733505912462,0.6153846153846154,0.9918032786885247
S&P 500,1,GS5,0.18160881016323954,0.029868337543354606,1.0,0.935792349726776
S&P 500,1,TB6MS,0.18372431832695416,0.023407364503392092,1.0,0.9275956284153005
S&P 500,1,S&P PE ratio,0.18496801652938966,0.022951901361225158,0.48717948717948717,0.9153005464480874
S&P 500,1,BAAFFM,0.0795968272606545,0.03727911389524863,0.5128205128205128,0.9043715846994536
S&P 500,1,TOTRESNS,0.08691616999072892,0.053048582716705095,0.02564102564102564,0.8948087431693988
S&P 500,1,USWTRADE,0.07868025061764541,0.02713508531000519,0.1282051282051282,0.860655737704918
S&P 500,1,S&P div yield,0.22339524669757874,0.0006960487258029779,0.02564102564102564,0.7827868852459017
S&P 500,1,FEDFUNDS,0.12829015590542608,0.06131625653268591,0.0,0.7650273224043715
S&P 500,1,RPI,0.06066917660770963,0.011571254877097648,0.05128205128205128,0.7527322404371585
S&P 500,1,EXCAUSx,0.11499246980169894,0.05051069414138043,0.0,0.7513661202185792
S&P 500,1,AAAFFM,0.06975627736468318,0.08275381775746382,0.0,0.7349726775956285
S&P 500,1,CP3Mx,0.1549846931555739,0.03223941166889732,0.0,0.73224043715847
S&P 500,1,UNRATE,0.054375352473197074,0.0030395587040050742,0.3333333333333333,0.7240437158469945
S&P 500,1,CE16OV,0.05992084312565269,0.09819273362745884,0.0,0.7185792349726775
S&P 500,1,GS1,0.18163777856377128,0.018692241483856176,0.0,0.7158469945355191
S&P 500,1,TB3SMFFM,0.09931018560382275,0.0,0.1794871794871795,0.680327868852459
S&P 500,1,M2REAL,0.11239570332242735,0.015647480747507547,0.0,0.6721311475409837
S&P 500,1,PCEPI,0.07383394760823297,0.0,0.2564102564102564,0.6693989071038251
S&P 500,1,CUSR0000SAC,0.07558823315994587,0.0,0.1794871794871795,0.6639344262295083
S&P 500,1,IPB51222S,0.05463805980044873,0.03267261029996815,0.0,0.6584699453551912
S&P 500,1,BUSINVx,0.07064561769338673,0.01644606716315078,0.0,0.6502732240437159
S&P 500,1,T1YFFM,0.07381384457789528,0.0,0.10256410256410256,0.6502732240437159
S&P 500,1,GS10,0.170010554306604,0.0073894817576332095,0.0,0.6475409836065574
S&P 500,1,DNDGRG3M086SBEA,0.06636943819243231,0.0,0.1794871794871795,0.6448087431693988
S&P 500,1,CUSR0000SAD,0.045128248678191596,0.03909549372673338,0.0,0.6311475409836066
S&P 500,1,CPIULFSL,0.05436932402280792,0.0191160047216119,0.0,0.6202185792349727
S&P 500,1,IPMAT,0.06113034341925713,0.0,0.02564102564102564,0.616120218579235
S&P 500,1,UMCSENTx,0.0455734784834396,0.022809253284184372,0.0,0.5983606557377049
S&P 500,1,CES1021000001,0.009039528890461218,0.027215132089096983,0.02564102564102564,0.5942622950819673
S&P 500,1,CLF16OV,0.04825286106776555,0.01656371991635419,0.0,0.592896174863388
S&P 500,1,CPIAPPSL,0.05155676458110606,0.0,0.05128205128205128,0.5887978142076503
S&P 500,1,IPNMAT,0.05563437918245309,0.011759382045791078,0.0,0.5846994535519126
S&P 500,1,NONBORRES,0.051745394770528266,0.013241714727779463,0.0,0.5792349726775957
S&P 500,1,T10YFFM,0.06938307414348056,0.0016583479416802938,0.0,0.5792349726775957
S&P 500,1,REALLN,0.046644063164411505,0.016430925056685197,0.0,0.5765027322404372
S&P 500,1,VIXCLSx,0.026664740176787365,0.06778017292129768,0.0,0.5737704918032787
S&P 500,1,DPCERA3M086SBEA,0.05142069713388095,0.013226845518739871,0.0,0.5710382513661202
S&P 500,1,T5YFFM,0.059721614618202794,0.0036893221337201965,0.0,0.5710382513661202
S&P 500,1,PPICMM,0.036268450154238435,0.0,0.5897435897435898,0.5683060109289618
S&P 500,1,INVEST,0.056116771158372984,0.004864739527218109,0.0,0.5655737704918034
S&P 500,1,MANEMP,0.03980552188285769,0.016510952518502098,0.0,0.5601092896174863
S&P 500,1,HOUSTMW,0.032697162182319106,0.021842834024080382,0.0,0.5546448087431695
S&P 500,1,NDMANEMP,0.02857119876015766,0.027882906000397778,0.0,0.5519125683060109
S&P 500,1,AAA,0.17105774691907846,0.0,0.0,0.5355191256830601
S&P 500,1,PAYEMS,0.037159902741139464,0.013377153864760682,0.0,0.5327868852459017
S&P 500,1,RETAILx,0.04197171242439356,0.01069066681971087,0.0,0.5300546448087432
S&P 500,1,HOUSTW,0.0215147012229499,0.04570232648899575,0.0,0.5300546448087432
S&P 500,1,TB3MS,0.1628995140332937,0.0,0.0,0.5300546448087432
S&P 500,1,BAA,0.16233056358202913,0.0,0.0,0.5273224043715848
S&P 500,1,WPSFD49207,0.034868392792450784,0.0136260614620074,0.0,0.5273224043715846
S&P 500,1,UEMP27OV,0.024876759619141944,0.03638126348391468,0.0,0.5245901639344263
S&P 500,1,EXSZUSx,0.041969860552442846,0.009682666604583279,0.0,0.5245901639344263
S&P 500,1,SRVPRD,0.0375782323255913,0.011350519251381197,0.0,0.5191256830601093
S&P 500,1,EXJPUSx,0.01285036952158065,0.059649335655699076,0.0,0.5136612021857924
S&P 500,1,WPSFD49502,0.02836608856233119,0.018409419917412073,0.0,0.5109289617486339
S&P 500,1,CUMFNS,0.014796531773993666,0.039821245870725,0.0,0.5081967213114754
S&P 500,1,TB6SMFFM,0.08498236719749798,0.0,0.0,0.5081967213114754
S&P 500,1,CUSR0000SA0L5,0.04729918035967031,0.0006127096532559939,0.0,0.5081967213114754
S&P 500,1,UEMP15OV,0.04675883223946727,0.00029596373596696424,0.0,0.5027322404371585
S&P 500,1,IPNCONGD,0.07671321132463083,0.0,0.0,0.5
S&P 500,1,BOGMBASE,0.031473876716884445,0.011794114443092418,0.0,0.5
S&P 500,1,AWHMAN,0.01390187615859255,0.038467286578823146,0.0,0.4945355191256831
S&P 500,1,IPMANSICS,0.012024040563525027,0.039608548218662776,0.0,0.4890710382513661
S&P 500,1,CPIAUCSL,0.06860734707916415,0.0,0.0,0.4808743169398908
S&P 500,1,COMPAPFFx,0.02346325117650705,0.0,0.20512820512820512,0.4781420765027322
S&P 500,1,CUSR0000SA0L2,0.06487238925168745,0.0,0.0,0.4754098360655738
S&P 500,1,CMRMTSPLx,0.06134053095758442,0.0,0.0,0.4726775956284153
S&P 500,1,USGOOD,0.026408328493914227,0.013552413302357458,0.0,0.46994535519125685
S&P 500,1,AMDMNOx,0.003996866448720561,0.051212215866020205,0.0,0.4672131147540984
S&P 500,1,USGOVT,0.05783679045902325,0.0,0.0,0.459016393442623
S&P 500,1,AMDMUOx,0.05635214015190374,0.0,0.0,0.4562841530054645
S&P 500,1,IPDMAT,0.015725349645203248,0.013983130683910439,0.0,0.4426229508196721
S&P 500,1,M2SL,0.010117212737794859,0.019888900803546328,0.0,0.43989071038251365
S&P 500,1,CPITRNSL,0.053514571946206256,0.0,0.0,0.43989071038251365
S&P 500,1,IPBUSEQ,0.02706549173016431,0.0036005682289297347,0.0,0.43715846994535523
S&P 500,1,CONSPI,0.024905713186747568,0.007938029441488137,0.0,0.43169398907103823
S&P 500,1,DDURRG3M086SBEA,0.05032729818754998,0.0,0.0,0.42896174863387976
S&P 500,1,CES0600000007,0.0027316731880629966,0.026751613293165555,0.0,0.41803278688524587
S&P 500,1,HOUSTNE,0.04646312353215782,0.0,0.0,0.41530054644808745
S&P 500,1,CPIMEDSL,0.007814643450453863,0.017818245255163845,0.0,0.4098360655737705
S&P 500,1,IPCONGD,0.04246467265606488,0.0,0.0,0.4071038251366121
S&P 500,1,M1SL,0.015031473690598542,0.008616442702607419,0.0,0.40437158469945356
S&P 500,1,DMANEMP,0.041715211890035464,0.0,0.0,0.3989071038251366
S&P 500,1,USTPU,0.03793188183744274,0.0,0.0,0.39344262295081966
S&P 500,1,UEMP15T26,0.03682783939302673,0.0,0.0,0.3852459016393443
S&P 500,1,ISRATIOx,0.03551299196074028,0.0,0.0,0.37978142076502736
S&P 500,1,EXUSUKx,0.03368585755488821,0.0,0.0,0.3743169398907104
S&P 500,1,UEMPLT5,0.03216742627948788,0.0,0.0,0.36885245901639346
S&P 500,1,BUSLOANS,0.031585616930682424,0.0,0.0,0.366120218579235
S&P 500,1,USTRADE,0.031302900365215304,0.0,0.0,0.36065573770491804
S&P 500,1,DTCTHFNM,0.030928649203710617,0.0,0.0,0.35792349726775957
S&P 500,1,CUSR0000SAS,0.03063469968905541,0.0,0.0,0.3551912568306011
S&P 500,1,UEMPMEAN,0.03038734539302365,0.0,0.0,0.3524590163934427
S&P 500,1,USCONS,0.00997887819476113,0.0016031423145999035,0.0,0.34972677595628415
S&P 500,1,NONREVSL,0.028454883763692915,0.0,0.0,0.3469945355191257
S&P 500,1,OILPRICEx,0.008372086009821764,0.0034117297830045246,0.0,0.3469945355191257
S&P 500,1,PERMITNE,0.0284157132370452,0.0,0.0,0.3442622950819672
S&P 500,1,USFIRE,0.028384985968532603,0.0,0.0,0.3415300546448088
S&P 500,1,DTCOLNVHFNM,0.028304976344765736,0.0,0.0,0.3360655737704918
S&P 500,1,UEMP5TO14,0.028221637185715936,0.0,0.0,0.3333333333333333
S&P 500,1,CES2000000008,0.0037287377552637346,0.0023824869407942373,0.0,0.3278688524590164
S&P 500,1,WPSID62,0.007196708451204804,0.0012554501969797016,0.0,0.32786885245901637
S&P 500,1,HOUST,0.026653805669039382,0.0,0.0,0.32513661202185795
S&P 500,1,PERMITMW,0.025751959911095475,0.0,0.0,0.319672131147541
S&P 500,1,IPFPNSS,0.025339204036957313,0.0,0.0,0.31693989071038253
S&P 500,1,IPFINAL,0.02372538146569215,0.0,0.0,0.3087431693989071
S&P 500,1,HWI,0.023246619852357094,0.0,0.0,0.30327868852459017
S&P 500,1,CES0600000008,0.020364684576479816,0.0,0.0,0.2978142076502733
S&P 500,1,WPSID61,0.019991523589037843,0.0,0.0,0.2950819672131148
S&P 500,1,INDPRO,0.017742631751297512,0.0,0.0,0.29234972677595633
S&P 500,1,CLAIMSx,0.015126347663470001,0.0,0.0,0.2868852459016394
S&P 500,1,W875RX1,0.014147971358667447,0.0,0.0,0.27868852459016397
S&P 500,1,HWIURATIO,0.012217487445118334,0.0,0.0,0.27049180327868855
S&P 500,1,PERMITS,0.012177225519452337,0.0,0.0,0.2677595628415301
S&P 500,1,CES3000000008,0.010145808423462644,0.0,0.0,0.26229508196721313
S&P 500,1,HOUSTS,0.009435773446658921,0.0,0.0,0.2540983606557377
S&P 500,1,IPFUELS,0.00942329953253386,0.0,0.0,0.25136612021857924
S&P 500,1,AWOTMAN,0.008999506478869367,0.0,0.0,0.24590163934426232
S&P 500,1,PERMIT,0.004915286514760478,0.0,0.0,0.23497267759562845
S&P 500,1,DSERRG3M086SBEA,0.0029512432599295424,0.0,0.0,0.22677595628415304
S&P 500,1,PERMITW,0.0015354122065185565,0.0,0.0,0.2213114754098361
S&P 500,1,IPDCONGD,0.0011894592317327707,0.0,0.0,0.21857923497267762
S&P 500,3,BAAFFM,0.0989546354987323,0.1074576620650225,0.41025641025641024,0.9480874316939891
S&P 500,3,TB3SMFFM,0.14763303980606512,0.05551607158113647,0.1794871794871795,0.9426229508196721
S&P 500,3,T1YFFM,0.11644272144997149,0.1177207526698667,0.10256410256410256,0.9330601092896176
S&P 500,3,USWTRADE,0.09504206693945763,0.0682196216696136,0.38461538461538464,0.9234972677595629
S&P 500,3,AAA,0.13352587462019574,0.051266464963668046,0.3076923076923077,0.9221311475409837
S&P 500,3,GS5,0.13166694890848027,0.05087342269889872,0.05128205128205128,0.8879781420765026
S&P 500,3,FEDFUNDS,0.13907911748205476,0.024725324402538718,0.358974358974359,0.8674863387978142
S&P 500,3,MANEMP,0.09015769034357787,0.0481199773219636,0.3333333333333333,0.8633879781420765
S&P 500,3,GS1,0.13478952679432094,0.031460704831795194,0.07692307692307693,0.8620218579234972
S&P 500,3,BUSINVx,0.12879161386824395,0.03208545061491286,0.02564102564102564,0.8415300546448088
S&P 500,3,VIXCLSx,0.05482602715911551,0.06656036019914913,0.07692307692307693,0.8292349726775957
S&P 500,3,CE16OV,0.07097524980248912,0.04113843945580031,0.02564102564102564,0.7950819672131147
S&P 500,3,TB6MS,0.1282531352665925,0.07058638073949286,0.0,0.7677595628415301
S&P 500,3,TB6SMFFM,0.12992544814224943,0.05218110020658173,0.0,0.7431693989071039
S&P 500,3,HWI,0.03695662993708343,0.028295418126118577,0.3076923076923077,0.7363387978142076
S&P 500,3,AMDMUOx,0.11603720911137393,0.05587210876200954,0.0,0.7349726775956285
S&P 500,3,USTRADE,0.05416673828062283,0.023595874376651338,0.10256410256410256,0.7281420765027322
S&P 500,3,AAAFFM,0.08495338641572255,0.07501890229722807,0.0,0.726775956284153
S&P 500,3,T5YFFM,0.07770669944580579,0.07286010810702193,0.0,0.7185792349726777
S&P 500,3,BAA,0.1527750052425886,0.030085354346531368,0.0,0.7076502732240438
S&P 500,3,HOUSTNE,0.09673463981008182,0.05010695502665108,0.0,0.6967213114754099
S&P 500,3,USGOOD,0.08013774856826629,0.05211868805547848,0.0,0.685792349726776
S&P 500,3,T10YFFM,0.08743584866959535,0.04408231880381219,0.0,0.6721311475409837
S&P 500,3,PERMITNE,0.06965792372412995,0.04269467246369851,0.0,0.6502732240437159
S&P 500,3,S&P PE ratio,0.10141933952027438,0.0,0.05128205128205128,0.6393442622950819
S&P 500,3,EXUSUKx,0.05297726773819733,0.051804084010034224,0.0,0.6366120218579234
S&P 500,3,COMPAPFFx,0.06904244810001034,0.0,0.358974358974359,0.6297814207650273
S&P 500,3,AWHMAN,0.029917019501528842,0.06940185914137054,0.0,0.6202185792349727
S&P 500,3,HOUSTW,0.045394353087737926,0.050228815271005534,0.0,0.6202185792349727
S&P 500,3,HOUSTS,0.033448732663704545,0.05432754799691075,0.0,0.6147540983606558
S&P 500,3,USTPU,0.06570140756866961,0.0,0.2564102564102564,0.6092896174863388
S&P 500,3,GS10,0.12440380322299696,0.007922965084745215,0.0,0.5983606557377049
S&P 500,3,UNRATE,0.0443719836983929,0.03632242496738991,0.0,0.592896174863388
S&P 500,3,TB3MS,0.11142027407378274,0.011029663443800075,0.0,0.592896174863388
S&P 500,3,CP3Mx,0.13297951510926606,0.001360400143066709,0.0,0.5846994535519126
S&P 500,3,SRVPRD,0.06626583875495082,0.022878472618511392,0.0,0.5819672131147541
S&P 500,3,DMANEMP,0.09320655905723224,0.008170293333486622,0.0,0.5737704918032787
S&P 500,3,CPIAUCSL,0.03249708039828768,0.036743437205235985,0.0,0.5737704918032787
S&P 500,3,CPIAPPSL,0.046641985831232434,0.027862050141937544,0.0,0.5710382513661202
S&P 500,3,NDMANEMP,0.06842522127914674,0.013741741107125005,0.0,0.5546448087431695
S&P 500,3,PERMIT,0.03036028990507003,0.034222216660519944,0.0,0.5546448087431695
S&P 500,3,IPBUSEQ,0.03393581808584768,0.0,0.15384615384615385,0.5491803278688524
S&P 500,3,IPFUELS,0.04023328057817784,0.0,0.05128205128205128,0.546448087431694
S&P 500,3,HWIURATIO,0.05004932702818386,0.02102968447726683,0.0,0.5409836065573771
S&P 500,3,PAYEMS,0.07507540263011835,0.004975610307198064,0.0,0.5382513661202185
S&P 500,3,CPIULFSL,0.0320155940164943,0.027505470204771676,0.0,0.5355191256830601
S&P 500,3,CUSR0000SAD,0.016284380561463377,0.06723934855685432,0.0,0.5327868852459017
S&P 500,3,PCEPI,0.03726016634040031,0.0,0.02564102564102564,0.5327868852459017
S&P 500,3,OILPRICEx,0.02667920797791103,0.030108695592509616,0.0,0.5273224043715846
S&P 500,3,PERMITMW,0.06360814868269586,0.005838920829103866,0.0,0.5245901639344263
S&P 500,3,M2REAL,0.13521789147410204,0.0,0.0,0.5245901639344263
S&P 500,3,IPFINAL,0.0400057515144266,0.017790555786794116,0.0,0.5136612021857924
S&P 500,3,IPFPNSS,0.041099294198302085,0.011863169155617914,0.0,0.5081967213114754
S&P 500,3,UEMPMEAN,0.019621775880635312,0.036335431097089366,0.0,0.5054644808743171
S&P 500,3,S&P div yield,0.12662794380573356,0.0,0.0,0.5027322404371585
S&P 500,3,S&P 500,0.11934862127011037,0.0,0.0,0.4972677595628416
S&P 500,3,CUSR0000SAS,0.03134360372569458,0.017974130050550485,0.0,0.4945355191256831
S&P 500,3,USFIRE,0.0532627481508687,0.0035527356267386345,0.0,0.4918032786885247
S&P 500,3,RPI,0.02887866323170551,0.020269871190079947,0.0,0.4836065573770492
S&P 500,3,USGOVT,0.09508980510396192,0.0,0.0,0.4781420765027322
S&P 500,3,CES0600000007,0.005814326013741774,0.058245330433942755,0.0,0.4754098360655738
S&P 500,3,ISRATIOx,0.01720680770722116,0.03182514102593981,0.0,0.4726775956284153
S&P 500,3,CLAIMSx,0.020437651031582328,0.025136179296457062,0.0,0.47267759562841527
S&P 500,3,CES1021000001,0.09193600193673106,0.0,0.0,0.46994535519125685
S&P 500,3,CLF16OV,0.08642462078579675,0.0,0.0,0.46174863387978143
S&P 500,3,UEMPLT5,0.00440604596406971,0.05265342535901851,0.0,0.45628415300546443
S&P 500,3,PERMITS,0.0022170705185715323,0.05588171723092206,0.0,0.4480874316939891
S&P 500,3,CPIMEDSL,0.017678425558566996,0.022853474460500234,0.0,0.43989071038251365
S&P 500,3,CES0600000008,0.013194070037144507,0.027945370941563574,0.0,0.43169398907103823
S&P 500,3,HOUSTMW,0.061997609360095844,0.0,0.0,0.42896174863387976
S&P 500,3,EXCAUSx,0.060053992883534864,0.0,0.0,0.42622950819672134
S&P 500,3,HOUST,0.05755226650526924,0.0,0.0,0.4234972677595629
S&P 500,3,TOTRESNS,0.056727724477137864,0.0,0.0,0.42076502732240434
S&P 500,3,CUMFNS,0.016701410670830457,0.022034555670218836,0.0,0.41803278688524587
S&P 500,3,CES2000000008,0.003115962224748174,0.0458597529330782,0.0,0.41803278688524587
S&P 500,3,M2SL,0.011781342274289877,0.025224252181246243,0.0,0.41256830601092903
S&P 500,3,CONSPI,0.012660950844260924,0.024725240401417103,0.0,0.40983606557377045
S&P 500,3,CMRMTSPLx,0.013673066808816116,0.022081327391840322,0.0,0.407103825136612
S&P 500,3,INDPRO,0.024096181789259534,0.0018834732080312833,0.0,0.407103825136612
S&P 500,3,PERMITW,0.017505209613792618,0.011532968296967816,0.0,0.40163934426229514
S&P 500,3,M1SL,0.021702116517934945,0.002202568113697012,0.0,0.39344262295081966
S&P 500,3,DPCERA3M086SBEA,0.003023187116170084,0.03201756932359556,0.0,0.39071038251366125
S&P 500,3,WPSFD49502,0.004756629992947133,0.026133186253312513,0.0,0.3852459016393442
S&P 500,3,IPNMAT,0.03682540713674735,0.0,0.0,0.3825136612021858
S&P 500,3,IPB51222S,0.015443554852249394,0.01179899023260278,0.0,0.37978142076502736
S&P 500,3,WPSID62,0.016970408883092286,0.004122039805968036,0.0,0.36885245901639346
S&P 500,3,IPDMAT,0.018195449341135282,0.00038062483964740323,0.0,0.366120218579235
S&P 500,3,UEMP5TO14,0.03092184509632803,0.0,0.0,0.366120218579235
S&P 500,3,CUSR0000SAC,0.009127408672492048,0.01775131067777913,0.0,0.360655737704918
S&P 500,3,UEMP15OV,0.0294922671497523,0.0,0.0,0.35792349726775957
S&P 500,3,WPSID61,0.0066756250674639295,0.018403915935591098,0.0,0.35792349726775957
S&P 500,3,DDURRG3M086SBEA,0.02923386315116914,0.0,0.0,0.3551912568306011
S&P 500,3,DSERRG3M086SBEA,0.026578917465754612,0.0,0.0,0.3469945355191257
S&P 500,3,CUSR0000SA0L5,0.025251611744543427,0.0,0.0,0.3442622950819672
S&P 500,3,CES3000000008,0.009645589018558562,0.006407717007582914,0.0,0.3442622950819672
S&P 500,3,IPNCONGD,0.024695801973958133,0.0,0.0,0.3415300546448088
S&P 500,3,IPCONGD,0.02409674040362485,0.0,0.0,0.33879781420765026
S&P 500,3,IPMAT,0.004188915775935351,0.016311799137004535,0.0,0.3360655737704918
S&P 500,3,UEMP15T26,0.02359373730497464,0.0,0.0,0.3333333333333333
S&P 500,3,NONREVSL,0.02358227930815579,0.0,0.0,0.33060109289617484
S&P 500,3,DNDGRG3M086SBEA,0.01341708378066238,0.0004547430995676116,0.0,0.33060109289617484
S&P 500,3,USCONS,0.023436305314086983,0.0,0.0,0.32786885245901637
S&P 500,3,DTCTHFNM,0.02299899295889876,0.0,0.0,0.3251366120218579
S&P 500,3,PPICMM,0.022304884689486472,0.0,0.0,0.3224043715846994
S&P 500,3,BUSLOANS,0.0072970758670423035,0.004923039371330873,0.0,0.31693989071038253
S&P 500,3,INVEST,0.02010197448953635,0.0,0.0,0.31420765027322406
S&P 500,3,UEMP27OV,0.019765317261124408,0.0,0.0,0.3114754098360656
S&P 500,3,AWOTMAN,0.004058924620421955,0.005181821332996606,0.0,0.30601092896174864
S&P 500,3,EXJPUSx,0.018897939896607083,0.0,0.0,0.30601092896174864
S&P 500,3,IPMANSICS,0.01801603648512062,0.0,0.0,0.3005464480874317
S&P 500,3,DTCOLNVHFNM,0.01740420197027086,0.0,0.0,0.2923497267759563
S&P 500,3,W875RX1,0.016772929913569393,0.0,0.0,0.28415300546448086
S&P 500,3,EXSZUSx,0.015695235682888692,0.0,0.0,0.2759562841530055
S&P 500,3,WPSFD49207,0.00021405372536477318,0.002751774344607494,0.0,0.2759562841530055
S&P 500,3,NONBORRES,0.015623056725863541,0.0,0.0,0.273224043715847
S&P 500,3,IPDCONGD,0.012096420168759682,0.0,0.0,0.2568306010928962
S&P 500,3,UMCSENTx,0.010025099800850654,0.0,0.0,0.25136612021857924
S&P 500,3,CUSR0000SA0L2,0.009640043369508194,0.0,0.0,0.24590163934426232
S&P 500,3,BOGMBASE,0.009557648560450561,0.0,0.0,0.24316939890710385
S&P 500,3,REALLN,0.008357306887207618,0.0,0.0,0.2377049180327869
S&P 500,3,CPITRNSL,0.007370339785861077,0.0,0.0,0.23497267759562843
S&P 500,3,RETAILx,0.0037775160695482242,0.0,0.0,0.21311475409836067
S&P 500,3,AMDMNOx,0.0033444367368970127,0.0,0.0,0.2103825136612022
S&P 500,6,T1YFFM,0.1285168555190514,0.10313778973765286,0.23076923076923078,0.9275956284153004
S&P 500,6,AAA,0.1833759937495251,0.05360806126798767,0.41025641025641024,0.9098360655737704
S&P 500,6,MANEMP,0.11696309390832813,0.08049781339710416,0.4358974358974359,0.907103825136612
S&P 500,6,AMDMUOx,0.18090428813423276,0.0472557424637432,0.5897435897435898,0.8934426229508197
S&P 500,6,BAAFFM,0.11065851773318124,0.0737125355353152,0.38461538461538464,0.883879781420765
S&P 500,6,BUSINVx,0.17776903362477228,0.05095421636065112,0.1794871794871795,0.8633879781420765
S&P 500,6,HOUSTMW,0.11063318863310084,0.06192755741706346,0.3076923076923077,0.8510928961748633
S&P 500,6,COMPAPFFx,0.07984595039576578,0.07238369247371912,0.38461538461538464,0.8456284153005464
S&P 500,6,GS1,0.17283437081437864,0.043426018033515756,0.05128205128205128,0.8360655737704917
S&P 500,6,VIXCLSx,0.08243493628885143,0.07189285067379103,0.23076923076923078,0.8292349726775955
S&P 500,6,HOUSTNE,0.1341452166891997,0.04091608476380948,0.02564102564102564,0.8073770491803279
S&P 500,6,USWTRADE,0.10125690745822971,0.040612316642939295,0.28205128205128205,0.7896174863387978
S&P 500,6,USTPU,0.058594380580488124,0.06288382467088738,0.3076923076923077,0.7882513661202187
S&P 500,6,NDMANEMP,0.08704825884240154,0.03527371326884454,0.1282051282051282,0.7513661202185792
S&P 500,6,S&P PE ratio,0.09538010009871718,0.03638036884982787,0.02564102564102564,0.75
S&P 500,6,TB6SMFFM,0.12683885471616546,0.08879126622614253,0.0,0.7418032786885246
S&P 500,6,PERMITNE,0.12698443005799132,0.0833973730912434,0.0,0.7390710382513661
S&P 500,6,USGOOD,0.10117208655965196,0.12156811726684902,0.0,0.7363387978142076
S&P 500,6,AWHMAN,0.04122351616233737,0.05894396093765142,0.05128205128205128,0.73224043715847
S&P 500,6,DMANEMP,0.12160504013215627,0.08302129730459162,0.0,0.7281420765027322
S&P 500,6,TB3MS,0.12420155862405804,0.07460080724796025,0.0,0.7226775956284154
S&P 500,6,GS5,0.1911483247973257,0.0,0.5384615384615384,0.7172131147540983
S&P 500,6,PERMITMW,0.10524375570238992,0.07486429160974817,0.0,0.7062841530054644
S&P 500,6,HOUSTS,0.0769515158710916,0.1134287778995704,0.0,0.703551912568306
S&P 500,6,T5YFFM,0.07863719483561882,0.09192487096700486,0.0,0.6953551912568305
S&P 500,6,PERMIT,0.0774496023489075,0.08902386467591716,0.0,0.6871584699453552
S&P 500,6,PAYEMS,0.07262464156974127,0.0915281750419612,0.0,0.6816939890710382
S&P 500,6,TB6MS,0.14674201477090526,0.04357221982631998,0.0,0.6816939890710382
S&P 500,6,HOUST,0.09867321831879355,0.06352972924791267,0.0,0.6734972677595629
S&P 500,6,BAA,0.18246275960108566,0.0,0.05128205128205128,0.6734972677595629
S&P 500,6,AAAFFM,0.08601327190361162,0.06569332961273933,0.0,0.6653005464480874
S&P 500,6,TB3SMFFM,0.13771024139259969,0.03525907744699941,0.0,0.6489071038251367
S&P 500,6,PERMITS,0.03935178330509929,0.1019051502318411,0.0,0.6325136612021858
S&P 500,6,HWI,0.025940564522430716,0.028666510724970617,0.2564102564102564,0.6256830601092896
S&P 500,6,UEMP15OV,0.06097801411086714,0.06246320203576472,0.0,0.6215846994535519
S&P 500,6,CES1021000001,0.11847408145464247,0.03482048418772443,0.0,0.6215846994535519
S&P 500,6,FEDFUNDS,0.13053585862782274,0.020758216939882335,0.0,0.610655737704918
S&P 500,6,UEMP27OV,0.06089952594859341,0.054119447296635315,0.0,0.6079234972677595
S&P 500,6,HOUSTW,0.05728806926620468,0.06243097285393695,0.0,0.6051912568306012
S&P 500,6,CP3Mx,0.14987804015400744,0.011333120691456866,0.0,0.6051912568306012
S&P 500,6,CE16OV,0.059876956026637604,0.052391241501660524,0.0,0.5915300546448088
S&P 500,6,PERMITW,0.049760775977938924,0.05242165963309331,0.0,0.5778688524590164
S&P 500,6,SRVPRD,0.05607914622457272,0.04383264741101334,0.0,0.569672131147541
S&P 500,6,T10YFFM,0.08758918155098466,0.026404877972703744,0.0,0.569672131147541
S&P 500,6,M2REAL,0.13712046053822793,0.001977894363721422,0.0,0.564207650273224
S&P 500,6,CES0600000007,0.019549132420398078,0.09596271369546994,0.0,0.5614754098360656
S&P 500,6,IPMAT,0.029407075632554815,0.06869614978896799,0.0,0.5587431693989071
S&P 500,6,USTRADE,0.04041650000340875,0.0433060533737919,0.0,0.5396174863387979
S&P 500,6,IPB51222S,0.04006744942863089,0.042500262845381886,0.0,0.5341530054644809
S&P 500,6,IPBUSEQ,0.012418056208157432,0.10393968591754765,0.0,0.5286885245901639
S&P 500,6,EXSZUSx,0.055110159493684,0.029576143914447073,0.0,0.523224043715847
S&P 500,6,GS10,0.1753193975926136,0.0,0.0,0.5136612021857924
S&P 500,6,PPICMM,0.01466643278952099,0.07446192408833374,0.0,0.5013661202185792
S&P 500,6,UNRATE,0.05421270303903415,0.017174227886624926,0.0,0.49863387978142076
S&P 500,6,USFIRE,0.06956971664414362,0.009793266704102077,0.0,0.49590163934426235
S&P 500,6,EXJPUSx,0.07647245264974604,0.005693579999378695,0.0,0.49590163934426235
S&P 500,6,CLF16OV,0.0459052385451462,0.013283692655970292,0.0,0.48224043715846987
S&P 500,6,CUSR0000SAS,0.02499508593384224,0.04007242459315519,0.0,0.48224043715846987
S&P 500,6,S&P div yield,0.11248364709889039,0.0,0.0,0.4726775956284153
S&P 500,6,CPIMEDSL,0.0315131115382382,0.026407882242392766,0.0,0.47131147540983603
S&P 500,6,EXCAUSx,0.06036320698853981,0.0022670649870355497,0.0,0.46857923497267756
S&P 500,6,W875RX1,0.004171975159008656,0.08374157306955743,0.0,0.4658469945355191
S&P 500,6,REALLN,0.030306233254646667,0.02825117440838998,0.0,0.4658469945355191
S&P 500,6,CUSR0000SA0L5,0.01482499909792366,0.05289967851348054,0.0,0.4658469945355191
S&P 500,6,IPDCONGD,0.01555595114090744,0.051191186252708576,0.0,0.46311475409836067
S&P 500,6,IPNCONGD,0.03376933324310695,0.01652389266656007,0.0,0.46311475409836067
S&P 500,6,CLAIMSx,0.04072502465534573,0.010488727462658609,0.0,0.46311475409836067
S&P 500,6,S&P 500,0.10464605954039102,0.0,0.0,0.46174863387978143
S&P 500,6,AMDMNOx,0.022157001398446095,0.03338047213352224,0.0,0.4521857923497268
S&P 500,6,USCONS,0.028827902593538835,0.022785012317444675,0.0,0.44945355191256836
S&P 500,6,PCEPI,0.014315366225050646,0.05088186271263728,0.0,0.44672131147540983
S&P 500,6,IPFINAL,0.0333827658823604,0.01121847800183895,0.0,0.4439890710382513
S&P 500,6,INDPRO,0.035155040495562166,0.009984751549465543,0.0,0.4412568306010929
S&P 500,6,TOTRESNS,0.08586353448573929,0.0,0.0,0.43989071038251365
S&P 500,6,IPFPNSS,0.03831019489666901,0.0066971197043379505,0.0,0.43852459016393447
S&P 500,6,IPDMAT,0.042894755921345167,0.0005645634995743443,0.0,0.4330601092896175
S&P 500,6,HWIURATIO,0.07040723784552003,0.0,0.0,0.41803278688524587
S&P 500,6,USGOVT,0.06836234424362281,0.0,0.0,0.41256830601092903
S&P 500,6,RETAILx,0.013906573900796507,0.035706598002986034,0.0,0.41120218579234974
S&P 500,6,CONSPI,0.020961993830478653,0.013394238239256229,0.0,0.41120218579234974
S&P 500,6,EXUSUKx,0.06595812410765803,0.0,0.0,0.40983606557377045
S&P 500,6,CPIULFSL,0.020926440413252072,0.010303372133614985,0.0,0.389344262295082
S&P 500,6,WPSID61,0.01033597183478734,0.031862330902189484,0.0,0.3784153005464481
S&P 500,6,DNDGRG3M086SBEA,0.011095398608774355,0.028782236812511908,0.0,0.37841530054644806
S&P 500,6,UEMPMEAN,0.003722994904280361,0.040756480475444334,0.0,0.3729508196721311
S&P 500,6,UEMP15T26,0.034342290304655285,0.0,0.0,0.3551912568306011
S&P 500,6,CPIAUCSL,0.01945336591508673,0.0019187181053186286,0.0,0.3538251366120219
S&P 500,6,CMRMTSPLx,0.010555482016400119,0.013968129639766236,0.0,0.3510928961748634
S&P 500,6,M2SL,0.03139618111543011,0.0,0.0,0.3442622950819672
S&P 500,6,IPCONGD,0.030976803321637405,0.0,0.0,0.3415300546448088
S&P 500,6,UEMP5TO14,0.030263157309445708,0.0,0.0,0.3360655737704918
S&P 500,6,IPMANSICS,0.02488854860530957,0.0,0.0,0.3224043715846994
S&P 500,6,DDURRG3M086SBEA,0.02308012253242866,0.0,0.0,0.31967213114754095
S&P 500,6,IPFUELS,0.02287861130443722,0.0,0.0,0.3169398907103825
S&P 500,6,CUSR0000SAC,0.0070140512932883965,0.010347377934210478,0.0,0.3155737704918033
S&P 500,6,INVEST,0.022330769226977826,0.0,0.0,0.314207650273224
S&P 500,6,RPI,0.0210412341668662,0.0,0.0,0.3087431693989071
S&P 500,6,CES2000000008,0.003013308512156963,0.012773456605917666,0.0,0.3046448087431694
S&P 500,6,BUSLOANS,0.020596505777877215,0.0,0.0,0.3005464480874317
S&P 500,6,CPIAPPSL,0.01964547019362209,0.0,0.0,0.2978142076502732
S&P 500,6,CUSR0000SA0L2,0.005664010858525293,0.006180967212405797,0.0,0.2937158469945355
S&P 500,6,UEMPLT5,0.019067707213375272,0.0,0.0,0.2896174863387978
S&P 500,6,CUMFNS,0.018829074558534924,0.0,0.0,0.28688524590163933
S&P 500,6,IPNMAT,0.01878733111979114,0.0,0.0,0.28415300546448086
S&P 500,6,WPSFD49207,0.018314369662600305,0.0,0.0,0.2814207650273224
S&P 500,6,CES3000000008,0.006351312335505175,0.0008667087951788055,0.0,0.28005464480874315
S&P 500,6,BOGMBASE,0.01791721835207307,0.0,0.0,0.2786885245901639
S&P 500,6,DTCOLNVHFNM,0.0035113484150345346,0.005684830269137464,0.0,0.2773224043715847
S&P 500,6,DTCTHFNM,0.017782590862865814,0.0,0.0,0.2759562841530055
S&P 500,6,NONREVSL,0.015233988889040108,0.0,0.0,0.27049180327868855
S&P 500,6,NONBORRES,0.012612071228308177,0.0,0.0,0.2568306010928962
S&P 500,6,WPSFD49502,0.012330102262728031,0.0,0.0,0.25136612021857924
S&P 500,6,UMCSENTx,0.011620104715306315,0.0,0.0,0.24863387978142074
S&P 500,6,ISRATIOx,0.010177123279951197,0.0,0.0,0.2377049180327869
S&P 500,6,OILPRICEx,0.00984569529000091,0.0,0.0,0.23497267759562843
S&P 500,6,DSERRG3M086SBEA,0.00847111276114879,0.0,0.0,0.23224043715846995
S&P 500,6,AWOTMAN,0.007559180859578792,0.0,0.0,0.22950819672131148
S&P 500,6,CPITRNSL,0.006487249508553889,0.0,0.0,0.22404371584699453
S&P 500,6,M1SL,0.0047776519185672274,0.0,0.0,0.21584699453551912
S&P 500,6,CUSR0000SAD,0.0023884321116625644,0.0,0.0,0.20218579234972678
S&P 500,6,CES0600000008,0.0017339384304713016,0.0,0.0,0.1994535519125683
S&P 500,6,DPCERA3M086SBEA,0.0008791460766579854,0.0,0.0,0.19672131147540983
S&P 500,6,WPSID62,1.1694343703527313e-05,0.0,0.0,0.19398907103825136
S&P 500,12,T1YFFM,0.2407691744436475,0.13589193708568814,0.6923076923076923,0.983606557377049
S&P 500,12,HOUSTMW,0.18485765955842004,0.10193838701794533,0.5897435897435898,0.948087431693989
S&P 500,12,PERMITMW,0.18407007724569474,0.12109529014467535,0.46153846153846156,0.9453551912568307
S&P 500,12,BAAFFM,0.16417328615840365,0.14876464393151068,0.23076923076923078,0.930327868852459
S&P 500,12,PERMITNE,0.1909673096215286,0.08549192801572358,0.15384615384615385,0.8989071038251367
S&P 500,12,MANEMP,0.14792237147677542,0.07616229519223161,0.6666666666666666,0.8920765027322405
S&P 500,12,NDMANEMP,0.12352700593493436,0.11314872296079415,0.5128205128205128,0.8879781420765028
S&P 500,12,COMPAPFFx,0.17679248347517373,0.0642211085204134,0.5641025641025641,0.8852459016393442
S&P 500,12,USWTRADE,0.11816435295536795,0.07720795379886969,0.28205128205128205,0.8387978142076503
S&P 500,12,USGOOD,0.13598456353555496,0.07662556017448541,0.05128205128205128,0.8278688524590164
S&P 500,12,AMDMUOx,0.25019117267772234,0.027965855259052486,0.6666666666666666,0.8210382513661202
S&P 500,12,PERMITW,0.09521923138423151,0.08249351696301366,0.1282051282051282,0.7978142076502732
S&P 500,12,PERMITS,0.08597465615663218,0.1348979898841991,0.02564102564102564,0.7937158469945356
S&P 500,12,HWIURATIO,0.12033108648757783,0.054767130856057555,0.2564102564102564,0.7923497267759562
S&P 500,12,CES1021000001,0.1453871318828453,0.05507800581175504,0.02564102564102564,0.7691256830601093
S&P 500,12,BUSINVx,0.17474373810460617,0.038423164717799274,0.02564102564102564,0.7581967213114754
S&P 500,12,AWHMAN,0.05661303391099802,0.1042980874363475,0.15384615384615385,0.7513661202185792
S&P 500,12,AAA,0.1349383486627786,0.028928279541474033,0.38461538461538464,0.7513661202185792
S&P 500,12,VIXCLSx,0.07081926756724079,0.07568871054822557,0.1794871794871795,0.7513661202185792
S&P 500,12,T5YFFM,0.16534469999765303,0.13994399280782277,0.0,0.7445355191256832
S&P 500,12,HOUSTW,0.10159978391867933,0.055522801650545794,0.02564102564102564,0.7363387978142076
S&P 500,12,PERMIT,0.14252289556559175,0.15308613498059742,0.0,0.733606557377049
S&P 500,12,GS5,0.12638444194217405,0.033909613872625144,0.05128205128205128,0.726775956284153
S&P 500,12,T10YFFM,0.15477852851084833,0.13405113239192135,0.0,0.7254098360655737
S&P 500,12,AAAFFM,0.13561269876690055,0.15094870671808058,0.0,0.7254098360655737
S&P 500,12,HOUST,0.1603630728222425,0.1282798761713826,0.0,0.7226775956284154
S&P 500,12,TB6SMFFM,0.18401315914008431,0.08643440319092655,0.0,0.7226775956284154
S&P 500,12,DMANEMP,0.14804685908265436,0.13072690121497166,0.0,0.7199453551912569
S&P 500,12,TB3SMFFM,0.17471257111980837,0.09801063701192314,0.0,0.7172131147540984
S&P 500,12,FEDFUNDS,0.07965934121728395,0.06425064471724173,0.02564102564102564,0.7144808743169399
S&P 500,12,UEMP15OV,0.09730332441239246,0.031477293932483,0.1794871794871795,0.7131147540983607
S&P 500,12,HOUSTS,0.12826382014058726,0.13744482051064688,0.0,0.7090163934426229
S&P 500,12,USFIRE,0.09632435050108559,0.04512247121624169,0.02564102564102564,0.7008196721311476
S&P 500,12,GS10,0.12460902323544477,0.015913825035698714,0.41025641025641024,0.6967213114754097
S&P 500,12,HOUSTNE,0.17944068909066974,0.06659209883984962,0.0,0.6953551912568307
S&P 500,12,UNRATE,0.07445709831069214,0.04487787535377219,0.05128205128205128,0.685792349726776
S&P 500,12,HWI,0.07438848764441637,0.028074911565028504,0.4358974358974359,0.6803278688524591
S&P 500,12,UEMP15T26,0.05914503952689378,0.06595870683060445,0.02564102564102564,0.6789617486338798
S&P 500,12,USTPU,0.0792879509193687,0.03362798753727647,0.02564102564102564,0.6434426229508197
S&P 500,12,GS1,0.10052915694428355,0.06497864207073922,0.0,0.6215846994535519
S&P 500,12,SRVPRD,0.07766156558513156,0.09278388662774883,0.0,0.6161202185792349
S&P 500,12,USGOVT,0.07273415767158427,0.015522693629455908,0.15384615384615385,0.5983606557377049
S&P 500,12,IPDMAT,0.09692167548599712,0.0587902619505658,0.0,0.5942622950819673
S&P 500,12,UEMP27OV,0.08453223978586095,0.06425107080609527,0.0,0.5915300546448088
S&P 500,12,PAYEMS,0.09940265237294696,0.045771570956465,0.0,0.5806010928961749
S&P 500,12,IPBUSEQ,0.07292724430309876,0.012069691928327408,0.07692307692307693,0.5765027322404371
S&P 500,12,BAA,0.12199155793029784,0.0368108830376781,0.0,0.5724043715846995
S&P 500,12,IPFPNSS,0.06658366781502784,0.06575151264263512,0.0,0.558743169398907
S&P 500,12,ISRATIOx,0.05156789464874996,0.022053514866116064,0.02564102564102564,0.5423497267759563
S&P 500,12,S&P 500,0.07024898836087057,0.05952001031557508,0.0,0.5423497267759563
S&P 500,12,CE16OV,0.08272692501298946,0.04269323707503814,0.0,0.5368852459016394
S&P 500,12,S&P PE ratio,0.060817245343073756,0.05966282043600568,0.0,0.5341530054644809
S&P 500,12,IPFINAL,0.0560977938607363,0.06294242212202583,0.0,0.5204918032786885
S&P 500,12,CES0600000007,0.023777404657994005,0.08532013912727532,0.0,0.4959016393442623
S&P 500,12,CLF16OV,0.06554821230198112,0.03394157109073781,0.0,0.48497267759562845
S&P 500,12,CMRMTSPLx,0.022387521088412906,0.07767405088657187,0.0,0.4849726775956284
S&P 500,12,USCONS,0.0652372509184151,0.03515476464455958,0.0,0.4849726775956284
S&P 500,12,EXUSUKx,0.05603793602611446,0.0,0.1794871794871795,0.48360655737704916
S&P 500,12,AMDMNOx,0.03958036240048876,0.04547875021716985,0.0,0.4740437158469945
S&P 500,12,CONSPI,0.03154863216329282,0.0,0.23076923076923078,0.4549180327868852
S&P 500,12,RPI,0.021058981485172677,0.017716729026674205,0.02564102564102564,0.4521857923497268
S&P 500,12,CPIAUCSL,0.032073812513899416,0.044890765666710575,0.0,0.44945355191256825
S&P 500,12,CUSR0000SAS,0.02628348757832047,0.05006787364593768,0.0,0.44672131147540983
S&P 500,12,TB6MS,0.08561143797158899,0.013311375281732207,0.0,0.4439890710382513
S&P 500,12,WPSID62,0.014834851291031554,0.020475702074256752,0.02564102564102564,0.4412568306010929
S&P 500,12,W875RX1,0.024043734900253733,0.048581229007063076,0.0,0.43852459016393447
S&P 500,12,INDPRO,0.08401737896238902,0.012329753537023258,0.0,0.43579234972677594
S&P 500,12,IPMAT,0.09192281058910327,0.00552898231015897,0.0,0.430327868852459
S&P 500,12,UEMP5TO14,0.04394208006093176,0.029261553559248643,0.0,0.430327868852459
S&P 500,12,TOTRESNS,0.03374304035008877,0.033383749757621484,0.0,0.4275956284153006
S&P 500,12,M2REAL,0.13189203638073477,0.0,0.0,0.42213114754098363
S&P 500,12,CP3Mx,0.08748167719559584,0.0012853762207938324,0.0,0.4193989071038251
S&P 500,12,RETAILx,0.035240487406254954,0.0,0.02564102564102564,0.4166666666666667
S&P 500,12,UMCSENTx,0.03323717787589536,0.026604450413971303,0.0,0.40027322404371585
S&P 500,12,DPCERA3M086SBEA,0.02150751821335006,0.03943557607093062,0.0,0.3975409836065574
S&P 500,12,PPICMM,0.008572066818809359,0.013868768938842368,0.02564102564102564,0.3948087431693989
S&P 500,12,CUSR0000SA0L2,0.021595679170435,0.03645431944266875,0.0,0.39207650273224043
S&P 500,12,S&P div yield,0.05413299614128871,0.013708913829422187,0.0,0.3756830601092896
S&P 500,12,OILPRICEx,0.003977154998651637,0.051287249150689274,0.0,0.34836065573770486
S&P 500,12,TB3MS,0.07269644650986867,0.0,0.0,0.342896174863388
S&P 500,12,IPNMAT,0.03632727966405272,0.007386364538244372,0.0,0.3401639344262295
S&P 500,12,IPMANSICS,0.07107576942768634,0.0,0.0,0.3401639344262295
S&P 500,12,EXSZUSx,0.0012088078180038761,0.011157771078100343,0.02564102564102564,0.33743169398907097
S&P 500,12,AWOTMAN,0.02398761089194115,0.016864924031394946,0.0,0.33469945355191255
S&P 500,12,CUSR0000SAC,0.017671637356365424,0.023324938959753627,0.0,0.33196721311475413
S&P 500,12,DSERRG3M086SBEA,0.021808213038531005,0.019623217369987955,0.0,0.3292349726775956
S&P 500,12,CPITRNSL,0.015998810484174696,0.02308009363395369,0.0,0.3237704918032787
S&P 500,12,CUMFNS,0.060144246993968156,0.0,0.0,0.32103825136612024
S&P 500,12,CPIULFSL,0.03318753247387384,0.005338967417218843,0.0,0.32103825136612024
S&P 500,12,UEMPLT5,0.01941639245337041,0.02004929319160942,0.0,0.31830601092896177
S&P 500,12,CLAIMSx,0.059270615565275034,0.0,0.0,0.31830601092896177
S&P 500,12,EXJPUSx,0.007761974338399838,0.03211610759506289,0.0,0.31830601092896177
S&P 500,12,IPCONGD,0.02916405625546602,0.008615577019490228,0.0,0.3155737704918033
S&P 500,12,IPDCONGD,0.02213117274257351,0.014453320470829034,0.0,0.3155737704918033
S&P 500,12,INVEST,0.015227728045911926,0.02061816068727218,0.0,0.3128415300546448
S&P 500,12,USTRADE,0.05632445602098922,0.0,0.0,0.31010928961748635
S&P 500,12,WPSFD49502,0.0069626862388023295,0.029718809152432968,0.0,0.3046448087431694
S&P 500,12,BOGMBASE,0.0068349847725243,0.029652452185359834,0.0,0.29918032786885246
S&P 500,12,DDURRG3M086SBEA,0.01181622729929633,0.021425837660315583,0.0,0.29918032786885246
S&P 500,12,IPFUELS,0.042078528138860725,0.0,0.0,0.2937158469945355
S&P 500,12,UEMPMEAN,0.007717052907385947,0.026199653941775924,0.0,0.29098360655737704
S&P 500,12,CES0600000008,0.01376224779058912,0.01732248640870493,0.0,0.29098360655737704
S&P 500,12,PCEPI,0.035451729143753705,0.0,0.0,0.2855191256830601
S&P 500,12,NONBORRES,0.00461477551861753,0.023474218997653562,0.0,0.2773224043715847
S&P 500,12,CPIMEDSL,0.0174210039044294,0.01157120324953409,0.0,0.2745901639344262
S&P 500,12,M2SL,0.03017087196320954,0.0,0.0,0.2663934426229508
S&P 500,12,DTCTHFNM,0.013953314024229703,0.011796729421480023,0.0,0.2663934426229508
S&P 500,12,CPIAPPSL,0.02998261340965634,0.0,0.0,0.2636612021857923
S&P 500,12,CUSR0000SA0L5,0.026812981854503645,0.0,0.0,0.2581967213114754
S&P 500,12,IPNCONGD,0.025707191348319083,0.0,0.0,0.2527322404371585
S&P 500,12,DNDGRG3M086SBEA,0.023335679018082315,0.0,0.0,0.24180327868852458
S&P 500,12,DTCOLNVHFNM,0.008808243277961435,0.003997150370509406,0.0,0.23087431693989072
S&P 500,12,WPSID61,0.020287803136497022,0.0,0.0,0.2226775956284153
S&P 500,12,BUSLOANS,0.007799684508086827,6.30017743743494e-05,0.0,0.2117486338797814
S&P 500,12,CES3000000008,0.012851792308066538,0.0,0.0,0.19808743169398904
S&P 500,12,IPB51222S,0.012137942686122859,0.0,0.0,0.19535519125683062
S&P 500,12,WPSFD49207,0.010146712297625319,0.0,0.0,0.18989071038251368
S&P 500,12,CUSR0000SAD,0.0029585107892298444,0.0012687847904433447,0.0,0.1871584699453552
S&P 500,12,CES2000000008,0.008429335099249634,0.0,0.0,0.18169398907103826
S&P 500,12,NONREVSL,0.007914324301728037,0.0,0.0,0.17896174863387979
S&P 500,12,M1SL,0.007537924610741185,0.0,0.0,0.1680327868852459
S&P 500,12,REALLN,0.004304345401021976,0.0,0.0,0.15710382513661203
S&P 500,12,EXCAUSx,0.0033018132397936778,0.0,0.0,0.15163934426229508
